Month,Site,Quadrat,Image.Name,Coral.ID,Longest.cm,Bleaching
March,1,1,_MCR0313,L1Q01C01,NA,1
March,1,1,_MCR0313,L1Q01C02,NA,1
March,1,1,_MCR0313,L1Q01C03,NA,0
March,1,1,_MCR0313,L1Q01C04,NA,0
March,1,1,_MCR0313,L1Q01C05,NA,0
March,1,1,_MCR0313,L1Q01C06,NA,2
March,1,1,_MCR0313,L1Q01C07,NA,0
March,1,1,_MCR0313,L1Q01C08,NA,0
March,1,1,_MCR0313,L1Q01C09,NA,1
March,1,1,_MCR0313,L1Q01C10,NA,2
March,1,1,_MCR0313,L1Q01C11,NA,0
March,1,1,_MCR0313,L1Q01C12,NA,0
March,1,1,_MCR0313,L1Q01C13,NA,1
March,1,1,_MCR0313,L1Q01C14,NA,0
March,1,1,_MCR0313,L1Q01C15,NA,3
March,1,2,_MCR0314,L1Q02C01,NA,1
March,1,2,_MCR0314,L1Q02C02,NA,2
March,1,2,_MCR0314,L1Q02C03,NA,2
March,1,2,_MCR0314,L1Q02C04,NA,1
March,1,2,_MCR0314,L1Q02C05,NA,1
March,1,2,_MCR0314,L1Q02C06,NA,0
March,1,2,_MCR0314,L1Q02C07,NA,0
March,1,2,_MCR0314,L1Q02C08,NA,0
March,1,3,_MCR0315,L1Q03C01,NA,1
March,1,3,_MCR0315,L1Q03C02,NA,0
March,1,3,_MCR0315,L1Q03C03,NA,1
March,1,3,_MCR0315,L1Q03C04,NA,2
March,1,3,_MCR0315,L1Q03C05,NA,2
March,1,3,_MCR0315,L1Q03C06,NA,0
March,1,3,_MCR0315,L1Q03C07,NA,0
March,1,3,_MCR0315,L1Q03C08,NA,0
March,1,3,_MCR0315,L1Q03C09,NA,0
March,1,3,_MCR0315,L1Q03C10,NA,0
March,1,3,_MCR0315,L1Q03C11,NA,1
March,1,3,_MCR0315,L1Q03C12,NA,0
March,1,3,_MCR0315,L1Q03C13,NA,0
March,1,3,_MCR0315,L1Q03C15,NA,0
March,1,4,_MCR0316,L1Q04C01,NA,1
March,1,4,_MCR0316,L1Q04C02,NA,2
March,1,4,_MCR0316,L1Q04C03,NA,0
March,1,4,_MCR0316,L1Q04C04,NA,0
March,1,4,_MCR0316,L1Q04C05,NA,0
March,1,4,_MCR0316,L1Q04C06,NA,1
March,1,4,_MCR0316,L1Q04C07,NA,1
March,1,4,_MCR0316,L1Q04C08,NA,1
March,1,4,_MCR0316,L1Q04C09,NA,1
March,1,4,_MCR0316,L1Q04C10,NA,0
March,1,4,_MCR0316,L1Q04C11,NA,2
March,1,4,_MCR0316,L1Q04C12,NA,0
March,1,4,_MCR0316,L1Q04C13,NA,0
March,1,4,_MCR0316,L1Q04C14,NA,0
March,1,5,_MCR0317,L1Q05C01,NA,1
March,1,5,_MCR0317,L1Q05C02,NA,2
March,1,5,_MCR0317,L1Q05C03,NA,0
March,1,5,_MCR0317,L1Q05C04,NA,0
March,1,5,_MCR0317,L1Q05C05,NA,2
March,1,5,_MCR0317,L1Q05C06,NA,0
March,1,5,_MCR0317,L1Q05C07,NA,0
March,1,5,_MCR0317,L1Q05C08,NA,0
March,1,5,_MCR0317,L1Q05C09,NA,0
March,1,5,_MCR0317,L1Q05C10,NA,1
March,1,5,_MCR0317,L1Q05C11,NA,0
March,1,5,_MCR0317,L1Q05C12,NA,1
March,1,5,_MCR0317,L1Q05C13,NA,1
March,1,5,_MCR0317,L1Q05C14,NA,0
March,1,6,_MCR0318,L1Q06C01,NA,2
March,1,6,_MCR0318,L1Q06C02,NA,1
March,1,6,_MCR0318,L1Q06C03,NA,0
March,1,6,_MCR0318,L1Q06C04,NA,3
March,1,6,_MCR0318,L1Q06C05,NA,1
March,1,6,_MCR0318,L1Q06C06,NA,1
March,1,6,_MCR0318,L1Q06C07,NA,0
March,1,6,_MCR0318,L1Q06C08,NA,2
March,1,6,_MCR0318,L1Q06C09,NA,2
March,1,6,_MCR0318,L1Q06C10,NA,0
March,1,6,_MCR0318,L1Q06C11,NA,0
March,1,6,_MCR0318,L1Q06C12,NA,0
March,1,6,_MCR0318,L1Q06C13,NA,0
March,1,6,_MCR0318,L1Q06C14,NA,1
March,1,6,_MCR0318,L1Q06C15,NA,0
March,1,7,_MCR0319,L1Q07C01,NA,2
March,1,7,_MCR0319,L1Q07C02,NA,1
March,1,7,_MCR0319,L1Q07C03,NA,1
March,1,7,_MCR0319,L1Q07C04,NA,1
March,1,7,_MCR0319,L1Q07C05,NA,1
March,1,7,_MCR0319,L1Q07C06,NA,3
March,1,7,_MCR0319,L1Q07C08,NA,1
March,1,7,_MCR0319,L1Q07C09,NA,0
March,1,7,_MCR0319,L1Q07C10,NA,0
March,1,7,_MCR0319,L1Q07C11,NA,0
March,1,7,_MCR0319,L1Q07C12,NA,0
March,1,7,_MCR0319,L1Q07C13,NA,2
March,1,7,_MCR0319,L1Q07C22,NA,0
March,1,8,_MCR0320,L1Q08C01,NA,1
March,1,8,_MCR0320,L1Q08C02,NA,1
March,1,8,_MCR0320,L1Q08C03,NA,1
March,1,8,_MCR0320,L1Q08C04,NA,0
March,1,8,_MCR0320,L1Q08C06,NA,3
March,1,8,_MCR0320,L1Q08C07,NA,1
March,1,8,_MCR0320,L1Q08C08,NA,1
March,1,8,_MCR0320,L1Q08C09,NA,1
March,1,8,_MCR0320,L1Q08C10,NA,2
March,1,8,_MCR0320,L1Q08C11,NA,1
March,1,8,_MCR0320,L1Q08C12,NA,1
March,1,8,_MCR0320,L1Q08C13,NA,2
March,1,8,_MCR0320,L1Q08C14,NA,2
March,1,8,_MCR0320,L1Q08C15,NA,2
March,1,9,_MCR0322,L1Q09C01,NA,1
March,1,9,_MCR0322,L1Q09C02,NA,1
March,1,9,_MCR0322,L1Q09C05,NA,0
March,1,9,_MCR0322,L1Q09C06,NA,0
March,1,9,_MCR0322,L1Q09C07,NA,0
March,1,9,_MCR0322,L1Q09C08,NA,1
March,1,9,_MCR0322,L1Q09C09,NA,2
March,1,9,_MCR0322,L1Q09C10,NA,1
March,1,9,_MCR0322,L1Q09C11,NA,1
March,1,9,_MCR0322,L1Q09C12,NA,0
March,1,9,_MCR0322,L1Q09C14,NA,0
March,1,9,_MCR0322,L1Q09C16,NA,0
March,1,9,_MCR0322,L1Q09C18,NA,1
March,1,9,_MCR0322,L1Q09C19,NA,1
March,1,9,_MCR0322,L1Q09C20,NA,2
March,1,10,_MCR0323,L1Q10C01,NA,1
March,1,10,_MCR0323,L1Q10C02,NA,2
March,1,10,_MCR0323,L1Q10C03,NA,0
March,1,10,_MCR0323,L1Q10C04,NA,1
March,1,10,_MCR0323,L1Q10C05,NA,0
March,1,10,_MCR0323,L1Q10C06,NA,2
March,1,10,_MCR0323,L1Q10C07,NA,0
March,1,10,_MCR0323,L1Q10C10,NA,0
March,1,10,_MCR0323,L1Q10C11,NA,0
March,1,10,_MCR0323,L1Q10C12,NA,0
March,1,10,_MCR0323,L1Q10C15,NA,0
March,1,10,_MCR0323,L1Q10C16,NA,0
March,1,10,_MCR0323,L1Q10C17,NA,0
March,1,10,_MCR0323,L1Q10C18,NA,0
March,1,10,_MCR0323,L1Q10C19,NA,1
March,1,10,_MCR0323,L1Q10C20,NA,0
March,1,10,_MCR0323,L1Q10C21,NA,0
March,1,10,_MCR0323,L1Q10C22,NA,0
March,1,11,_MCR0324,L1Q11C01,NA,0
March,1,11,_MCR0324,L1Q11C02,NA,1
March,1,11,_MCR0324,L1Q11C03,NA,2
March,1,11,_MCR0324,L1Q11C04,NA,0
March,1,11,_MCR0324,L1Q11C05,NA,0
March,1,11,_MCR0324,L1Q11C06,NA,1
March,1,11,_MCR0324,L1Q11C07,NA,0
March,1,11,_MCR0324,L1Q11C08,NA,0
March,1,11,_MCR0324,L1Q11C18,NA,2
March,1,11,_MCR0324,L1Q11C19,NA,1
March,1,12,_MCR0325,L1Q12C01,NA,0
March,1,12,_MCR0325,L1Q12C02,NA,0
March,1,12,_MCR0325,L1Q12C03,NA,0
March,1,12,_MCR0325,L1Q12C04,NA,0
March,1,12,_MCR0325,L1Q12C05,NA,1
March,1,12,_MCR0325,L1Q12C06,NA,1
March,1,12,_MCR0325,L1Q12C07,NA,0
March,1,12,_MCR0325,L1Q12C09,NA,0
March,1,12,_MCR0325,L1Q12C10,NA,2
March,1,12,_MCR0325,L1Q12C11,NA,0
March,1,12,_MCR0325,L1Q12C12,NA,0
March,1,12,_MCR0325,L1Q12C13,NA,1
March,1,12,_MCR0325,L1Q12C14,NA,0
March,1,12,_MCR0325,L1Q12C15,NA,1
March,1,12,_MCR0325,L1Q12C16,NA,0
March,1,12,_MCR0325,L1Q12C23,NA,0
March,1,12,_MCR0325,L1Q12C24,NA,0
March,1,13,_MCR0326,L1Q13C01,NA,3
March,1,13,_MCR0326,L1Q13C02,NA,1
March,1,13,_MCR0326,L1Q13C03,NA,0
March,1,13,_MCR0326,L1Q13C04,NA,0
March,1,13,_MCR0326,L1Q13C06,NA,0
March,1,13,_MCR0326,L1Q13C07,NA,2
March,1,13,_MCR0326,L1Q13C08,NA,1
March,1,13,_MCR0326,L1Q13C09,NA,0
March,1,13,_MCR0326,L1Q13C13,NA,1
March,1,13,_MCR0326,L1Q13C16,NA,1
March,1,13,_MCR0326,L1Q13C18,NA,0
March,1,13,_MCR0326,L1Q13C20,NA,0
March,1,14,_MCR0327,L1Q14C01,NA,2
March,1,14,_MCR0327,L1Q14C03,NA,2
March,1,14,_MCR0327,L1Q14C04,NA,1
March,1,14,_MCR0327,L1Q14C05,NA,1
March,1,14,_MCR0327,L1Q14C07,NA,2
March,1,14,_MCR0327,L1Q14C08,NA,0
March,1,14,_MCR0327,L1Q14C09,NA,0
March,1,14,_MCR0327,L1Q14C10,NA,0
March,1,14,_MCR0327,L1Q14C12,NA,0
March,1,14,_MCR0327,L1Q14C13,NA,1
March,1,14,_MCR0327,L1Q14C15,NA,0
March,1,14,_MCR0327,L1Q14C16,NA,1
March,1,14,_MCR0327,L1Q14C17,NA,0
March,1,14,_MCR0327,L1Q14C18,NA,0
March,1,14,_MCR0327,L1Q14C19,NA,1
March,1,14,_MCR0327,L1Q14C27,NA,1
March,1,14,_MCR0327,L1Q14C28,NA,1
March,1,14,_MCR0327,L1Q14C30,NA,0
March,1,14,_MCR0327,L1Q14C31,NA,0
March,1,14,_MCR0327,L1Q14C32,NA,0
March,1,14,_MCR0327,L1Q14C33,NA,1
March,1,15,_MCR0328,L1Q15C01,NA,0
March,1,15,_MCR0328,L1Q15C02,NA,1
March,1,15,_MCR0328,L1Q15C03,NA,1
March,1,15,_MCR0328,L1Q15C04,NA,0
March,1,15,_MCR0328,L1Q15C05,NA,2
March,1,15,_MCR0328,L1Q15C06,NA,0
March,1,15,_MCR0328,L1Q15C07,NA,2
March,1,15,_MCR0328,L1Q15C08,NA,0
March,1,15,_MCR0328,L1Q15C09,NA,0
March,1,15,_MCR0328,L1Q15C10,NA,2
March,1,15,_MCR0328,L1Q15C11,NA,0
March,1,15,_MCR0328,L1Q15C12,NA,3
March,1,15,_MCR0328,L1Q15C13,NA,0
March,1,15,_MCR0328,L1Q15C14,NA,1
March,1,15,_MCR0328,L1Q15C15,NA,0
March,1,15,_MCR0328,L1Q15C17,NA,1
March,1,15,_MCR0328,L1Q15C19,NA,0
March,1,15,_MCR0328,L1Q15C20,NA,0
March,1,15,_MCR0328,L1Q15C31,NA,0
March,1,15,_MCR0328,L1Q15C32,NA,0
March,1,16,_MCR0329,L1Q16C01,NA,0
March,1,16,_MCR0329,L1Q16C02,NA,0
March,1,16,_MCR0329,L1Q16C03,NA,0
March,1,16,_MCR0329,L1Q16C04,NA,0
March,1,16,_MCR0329,L1Q16C05,NA,0
March,1,16,_MCR0329,L1Q16C06,NA,0
March,1,16,_MCR0329,L1Q16C07,NA,0
March,1,16,_MCR0329,L1Q16C08,NA,0
March,1,16,_MCR0329,L1Q16C10,NA,0
March,1,16,_MCR0329,L1Q16C11,NA,0
March,1,16,_MCR0329,L1Q16C12,NA,0
March,1,17,_MCR0331,L1Q17C01,NA,1
March,1,17,_MCR0331,L1Q17C02,NA,3
March,1,17,_MCR0331,L1Q17C03,NA,1
March,1,17,_MCR0331,L1Q17C04,NA,0
March,1,17,_MCR0331,L1Q17C05,NA,0
March,1,17,_MCR0331,L1Q17C06,NA,0
March,1,17,_MCR0331,L1Q17C07,NA,1
March,1,17,_MCR0331,L1Q17C08,NA,1
March,1,17,_MCR0331,L1Q17C09,NA,0
March,1,17,_MCR0331,L1Q17C10,NA,0
March,1,17,_MCR0331,L1Q17C11,NA,0
March,1,17,_MCR0331,L1Q17C12,NA,0
March,1,17,_MCR0331,L1Q17C14,NA,1
March,1,17,_MCR0331,L1Q17C19,NA,0
March,1,17,_MCR0331,L1Q17C20,NA,0
March,1,18,_MCR0332,L1Q18C01,NA,0
March,1,18,_MCR0332,L1Q18C02,NA,1
March,1,18,_MCR0332,L1Q18C03,NA,1
March,1,18,_MCR0332,L1Q18C04,NA,1
March,1,18,_MCR0332,L1Q18C06,NA,1
March,1,18,_MCR0332,L1Q18C07,NA,1
March,1,18,_MCR0332,L1Q18C10,NA,0
March,1,18,_MCR0332,L1Q18C11,NA,1
March,1,18,_MCR0332,L1Q18C12,NA,1
March,1,18,_MCR0332,L1Q18C14,NA,1
March,1,18,_MCR0332,L1Q18C16,NA,1
March,1,18,_MCR0332,L1Q18C17,NA,0
March,1,18,_MCR0332,L1Q18C19,NA,0
March,1,18,_MCR0332,L1Q18C23,NA,0
March,1,18,_MCR0332,L1Q18C24,NA,0
March,1,18,_MCR0332,L1Q18C26,NA,0
March,1,18,_MCR0332,L1Q18C27,NA,0
March,1,19,_MCR0333,L1Q19C01,NA,2
March,1,19,_MCR0333,L1Q19C02,NA,2
March,1,19,_MCR0333,L1Q19C03,NA,2
March,1,19,_MCR0333,L1Q19C04,NA,1
March,1,19,_MCR0333,L1Q19C05,NA,0
March,1,19,_MCR0333,L1Q19C06,NA,0
March,1,19,_MCR0333,L1Q19C07,NA,0
March,1,19,_MCR0333,L1Q19C08,NA,1
March,1,19,_MCR0333,L1Q19C09,NA,0
March,1,19,_MCR0333,L1Q19C12,NA,0
March,1,19,_MCR0333,L1Q19C13,NA,1
March,1,19,_MCR0333,L1Q19C14,NA,0
March,1,19,_MCR0333,L1Q19C15,NA,0
March,1,19,_MCR0333,L1Q19C18,NA,0
March,1,19,_MCR0333,L1Q19C19,NA,0
March,1,19,_MCR0333,L1Q19C21,NA,0
March,1,20,_MCR0334,L1Q20C01,NA,0
March,1,20,_MCR0334,L1Q20C02,NA,0
March,1,20,_MCR0334,L1Q20C03,NA,0
March,1,20,_MCR0334,L1Q20C04,NA,0
March,1,20,_MCR0334,L1Q20C05,NA,0
March,1,20,_MCR0334,L1Q20C06,NA,2
March,1,20,_MCR0334,L1Q20C07,NA,1
March,1,20,_MCR0334,L1Q20C08,NA,1
March,1,20,_MCR0334,L1Q20C09,NA,1
March,1,20,_MCR0334,L1Q20C10,NA,0
March,1,20,_MCR0334,L1Q20C11,NA,1
March,1,20,_MCR0334,L1Q20C14,NA,0
March,1,20,_MCR0334,L1Q20C15,NA,0
March,1,20,_MCR0334,L1Q20C16,NA,2
March,1,20,_MCR0334,L1Q20C17,NA,1
March,1,20,_MCR0334,L1Q20C19,NA,0
March,1,20,_MCR0334,L1Q20C20,NA,0
March,1,20,_MCR0334,L1Q20C21,NA,0
March,1,20,_MCR0334,L1Q20C28,NA,0
March,1,20,_MCR0334,L1Q20C29,NA,0
March,1,20,_MCR0334,L1Q20C31,NA,0
March,1,21,_MCR0335,L1Q21C01,NA,1
March,1,21,_MCR0335,L1Q21C02,NA,0
March,1,21,_MCR0335,L1Q21C03,NA,0
March,1,21,_MCR0335,L1Q21C04,NA,0
March,1,21,_MCR0335,L1Q21C05,NA,0
March,1,21,_MCR0335,L1Q21C06,NA,0
March,1,21,_MCR0335,L1Q21C08,NA,0
March,1,21,_MCR0335,L1Q21C10,NA,0
March,1,21,_MCR0335,L1Q21C11,NA,1
March,1,21,_MCR0335,L1Q21C12,NA,0
March,1,21,_MCR0335,L1Q21C13,NA,3
March,1,21,_MCR0335,L1Q21C14,NA,0
March,1,21,_MCR0335,L1Q21C16,NA,0
March,1,21,_MCR0335,L1Q21C17,NA,0
March,1,21,_MCR0335,L1Q21C18,NA,1
March,1,21,_MCR0335,L1Q21C19,NA,0
March,1,21,_MCR0335,L1Q21C20,NA,2
March,1,21,_MCR0335,L1Q21C22,NA,0
March,1,21,_MCR0335,L1Q21C23,NA,0
March,1,21,_MCR0335,L1Q21C24,NA,0
March,1,21,_MCR0335,L1Q21C25,NA,1
March,1,21,_MCR0335,L1Q21C26,NA,0
March,1,21,_MCR0335,L1Q21C27,NA,0
March,1,21,_MCR0335,L1Q21C28,NA,1
March,1,21,_MCR0335,L1Q21C29,NA,0
March,1,22,_MCR0336,L1Q22C02,NA,0
March,1,22,_MCR0336,L1Q22C04,NA,1
March,1,22,_MCR0336,L1Q22C05,NA,2
March,1,22,_MCR0336,L1Q22C06,NA,0
March,1,22,_MCR0336,L1Q22C07,NA,0
March,1,22,_MCR0336,L1Q22C09,NA,0
March,1,22,_MCR0336,L1Q22C10,NA,0
March,1,22,_MCR0336,L1Q22C11,NA,0
March,1,22,_MCR0336,L1Q22C12,NA,0
March,1,22,_MCR0336,L1Q22C13,NA,0
March,1,22,_MCR0336,L1Q22C14,NA,0
March,1,22,_MCR0336,L1Q22C16,NA,0
March,1,22,_MCR0336,L1Q22C17,NA,0
March,1,23,_MCR0338,L1Q23C01,NA,3
March,1,23,_MCR0338,L1Q23C02,NA,1
March,1,23,_MCR0338,L1Q23C03,NA,0
March,1,23,_MCR0338,L1Q23C04,NA,2
March,1,23,_MCR0338,L1Q23C05,NA,0
March,1,23,_MCR0338,L1Q23C07,NA,0
March,1,23,_MCR0338,L1Q23C08,NA,2
March,1,23,_MCR0338,L1Q23C09,NA,1
March,1,23,_MCR0338,L1Q23C13,NA,1
March,1,23,_MCR0338,L1Q23C14,NA,0
March,1,23,_MCR0338,L1Q23C16,NA,2
March,1,23,_MCR0338,L1Q23C17,NA,0
March,1,23,_MCR0338,L1Q23C18,NA,0
March,1,23,_MCR0338,L1Q23C19,NA,0
March,1,23,_MCR0338,L1Q23C20,NA,0
March,1,23,_MCR0338,L1Q23C21,NA,0
March,1,24,_MCR0339,L1Q24C01,NA,1
March,1,24,_MCR0339,L1Q24C02,NA,1
March,1,24,_MCR0339,L1Q24C04,NA,0
March,1,24,_MCR0339,L1Q24C05,NA,0
March,1,24,_MCR0339,L1Q24C06,NA,1
March,1,24,_MCR0339,L1Q24C07,NA,2
March,1,24,_MCR0339,L1Q24C08,NA,2
March,1,24,_MCR0339,L1Q24C10,NA,1
March,1,24,_MCR0339,L1Q24C11,NA,1
March,1,24,_MCR0339,L1Q24C12,NA,1
March,1,24,_MCR0339,L1Q24C13,NA,1
March,1,24,_MCR0339,L1Q24C14,NA,0
March,1,24,_MCR0339,L1Q24C17,NA,1
March,1,24,_MCR0339,L1Q24C18,NA,0
March,1,24,_MCR0339,L1Q24C19,NA,1
March,1,24,_MCR0339,L1Q24C20,NA,0
March,1,24,_MCR0339,L1Q24C21,NA,1
March,1,24,_MCR0339,L1Q24C23,NA,0
March,1,24,_MCR0339,L1Q24C24,NA,1
March,1,25,_MCR0340,L1Q25C01,NA,0
March,1,25,_MCR0340,L1Q25C02,NA,2
March,1,25,_MCR0340,L1Q25C03,NA,1
March,1,25,_MCR0340,L1Q25C04,NA,1
March,1,25,_MCR0340,L1Q25C05,NA,0
March,1,25,_MCR0340,L1Q25C06,NA,0
March,1,25,_MCR0340,L1Q25C07,NA,0
March,1,25,_MCR0340,L1Q25C08,NA,0
March,1,25,_MCR0340,L1Q25C09,NA,0
March,1,25,_MCR0340,L1Q25C10,NA,0
March,1,25,_MCR0340,L1Q25C12,NA,1
March,1,25,_MCR0340,L1Q25C13,NA,0
March,1,26,_MCR0341,L1Q26C01,NA,1
March,1,26,_MCR0341,L1Q26C02,NA,1
March,1,26,_MCR0341,L1Q26C04,NA,1
March,1,26,_MCR0341,L1Q26C06,NA,0
March,1,26,_MCR0341,L1Q26C07,NA,1
March,1,26,_MCR0341,L1Q26C08,NA,1
March,1,26,_MCR0341,L1Q26C09,NA,1
March,1,26,_MCR0341,L1Q26C10,NA,0
March,1,26,_MCR0341,L1Q26C11,NA,0
March,1,26,_MCR0341,L1Q26C12,NA,0
March,1,26,_MCR0341,L1Q26C13,NA,0
March,1,26,_MCR0341,L1Q26C14,NA,0
March,1,27,_MCR0342,L1Q27C01,NA,2
March,1,27,_MCR0342,L1Q27C03,NA,0
March,1,27,_MCR0342,L1Q27C04,NA,2
March,1,27,_MCR0342,L1Q27C05,NA,2
March,1,27,_MCR0342,L1Q27C08,NA,0
March,1,27,_MCR0342,L1Q27C09,NA,2
March,1,27,_MCR0342,L1Q27C10,NA,0
March,1,27,_MCR0342,L1Q27C11,NA,2
March,1,27,_MCR0342,L1Q27C12,NA,1
March,1,27,_MCR0342,L1Q27C13,NA,0
March,1,27,_MCR0342,L1Q27C14,NA,1
March,1,27,_MCR0342,L1Q27C15,NA,1
March,1,27,_MCR0342,L1Q27C16,NA,1
March,1,28,_MCR0343,L1Q28C01,NA,1
March,1,28,_MCR0343,L1Q28C04,NA,0
March,1,28,_MCR0343,L1Q28C05,NA,3
March,1,28,_MCR0343,L1Q28C08,NA,0
March,1,28,_MCR0343,L1Q28C09,NA,1
March,1,28,_MCR0343,L1Q28C10,NA,1
March,1,28,_MCR0343,L1Q28C11,NA,1
March,1,28,_MCR0343,L1Q28C12,NA,0
March,1,28,_MCR0343,L1Q28C13,NA,0
March,1,28,_MCR0343,L1Q28C14,NA,0
March,1,28,_MCR0343,L1Q28C15,NA,0
March,1,29,_MCR0344,L1Q29C01,NA,1
March,1,29,_MCR0344,L1Q29C02,NA,0
March,1,29,_MCR0344,L1Q29C03,NA,0
March,1,29,_MCR0344,L1Q29C04,NA,0
March,1,29,_MCR0344,L1Q29C05,NA,0
March,1,29,_MCR0344,L1Q29C07,NA,2
March,1,29,_MCR0344,L1Q29C08,NA,2
March,1,29,_MCR0344,L1Q29C09,NA,0
March,1,29,_MCR0344,L1Q29C10,NA,1
March,1,29,_MCR0344,L1Q29C11,NA,2
March,1,29,_MCR0344,L1Q29C12,NA,0
March,1,29,_MCR0344,L1Q29C13,NA,0
March,1,29,_MCR0344,L1Q29C14,NA,0
March,1,29,_MCR0344,L1Q29C16,NA,3
March,1,29,_MCR0344,L1Q29C17,NA,0
March,1,29,_MCR0344,L1Q29C20,NA,1
March,1,29,_MCR0344,L1Q29C21,NA,2
March,1,29,_MCR0344,L1Q29C22,NA,0
March,1,29,_MCR0344,L1Q29C23,NA,0
March,1,29,_MCR0344,L1Q29C24,NA,0
March,1,29,_MCR0344,L1Q29C25,NA,0
March,1,29,_MCR0344,L1Q29C26,NA,0
March,1,29,_MCR0344,L1Q29C27,NA,1
March,1,30,_MCR0345,L1Q30C01,NA,0
March,1,30,_MCR0345,L1Q30C02,NA,0
March,1,30,_MCR0345,L1Q30C03,NA,1
March,1,30,_MCR0345,L1Q30C04,NA,1
March,1,30,_MCR0345,L1Q30C05,NA,0
March,1,30,_MCR0345,L1Q30C07,NA,2
March,1,30,_MCR0345,L1Q30C08,NA,0
March,1,30,_MCR0345,L1Q30C09,NA,0
March,1,30,_MCR0345,L1Q30C10,NA,0
March,1,30,_MCR0345,L1Q30C11,NA,0
March,1,30,_MCR0345,L1Q30C13,NA,0
March,1,30,_MCR0345,L1Q30C18,NA,1
March,1,30,_MCR0345,L1Q30C19,NA,0
March,1,30,_MCR0345,L1Q30C20,NA,1
March,1,31,_MCR0347,L1Q31C01,NA,2
March,1,31,_MCR0347,L1Q31C02,NA,0
March,1,31,_MCR0347,L1Q31C03,NA,0
March,1,31,_MCR0347,L1Q31C04,NA,2
March,1,31,_MCR0347,L1Q31C05,NA,0
March,1,31,_MCR0347,L1Q31C06,NA,3
March,1,31,_MCR0347,L1Q31C07,NA,2
March,1,31,_MCR0347,L1Q31C08,NA,0
March,1,31,_MCR0347,L1Q31C09,NA,0
March,1,31,_MCR0347,L1Q31C10,NA,0
March,1,31,_MCR0347,L1Q31C11,NA,0
March,1,31,_MCR0347,L1Q31C14,NA,0
March,1,31,_MCR0347,L1Q31C15,NA,0
March,1,32,_MCR0348,L1Q32C01,NA,2
March,1,32,_MCR0348,L1Q32C02,NA,2
March,1,32,_MCR0348,L1Q32C04,NA,0
March,1,32,_MCR0348,L1Q32C05,NA,1
March,1,32,_MCR0348,L1Q32C06,NA,0
March,1,32,_MCR0348,L1Q32C07,NA,0
March,1,32,_MCR0348,L1Q32C08,NA,2
March,1,32,_MCR0348,L1Q32C09,NA,0
March,1,32,_MCR0348,L1Q32C10,NA,3
March,1,32,_MCR0348,L1Q32C11,NA,0
March,1,32,_MCR0348,L1Q32C13,NA,0
March,1,32,_MCR0348,L1Q32C14,NA,0
March,1,32,_MCR0348,L1Q32C16,NA,3
March,1,32,_MCR0348,L1Q32C17,NA,0
March,1,32,_MCR0348,L1Q32C18,NA,0
March,1,32,_MCR0348,L1Q32C19,NA,0
March,1,32,_MCR0348,L1Q32C20,NA,3
March,1,32,_MCR0348,L1Q32C21,NA,1
March,1,32,_MCR0348,L1Q32C22,NA,0
March,1,32,_MCR0348,L1Q32C24,NA,1
March,1,32,_MCR0348,L1Q32C26,NA,0
March,1,33,_MCR0349,L1Q33C01,NA,2
March,1,33,_MCR0349,L1Q33C02,NA,1
March,1,33,_MCR0349,L1Q33C03,NA,1
March,1,33,_MCR0349,L1Q33C04,NA,1
March,1,33,_MCR0349,L1Q33C05,NA,0
March,1,33,_MCR0349,L1Q33C08,NA,0
March,1,33,_MCR0349,L1Q33C09,NA,1
March,1,33,_MCR0349,L1Q33C10,NA,1
March,1,33,_MCR0349,L1Q33C11,NA,0
March,1,33,_MCR0349,L1Q33C12,NA,1
March,1,33,_MCR0349,L1Q33C13,NA,0
March,1,33,_MCR0349,L1Q33C14,NA,0
March,1,33,_MCR0349,L1Q33C16,NA,1
March,1,33,_MCR0349,L1Q33C17,NA,1
March,1,34,_MCR0350,L1Q34C01,NA,1
March,1,34,_MCR0350,L1Q34C02,NA,1
March,1,34,_MCR0350,L1Q34C03,NA,0
March,1,34,_MCR0350,L1Q34C04,NA,0
March,1,34,_MCR0350,L1Q34C05,NA,0
March,1,34,_MCR0350,L1Q34C06,NA,2
March,1,34,_MCR0350,L1Q34C07,NA,2
March,1,34,_MCR0350,L1Q34C08,NA,0
March,1,34,_MCR0350,L1Q34C09,NA,0
March,1,34,_MCR0350,L1Q34C10,NA,0
March,1,34,_MCR0350,L1Q34C11,NA,0
March,1,34,_MCR0350,L1Q34C12,NA,2
March,1,34,_MCR0350,L1Q34C15,NA,2
March,1,34,_MCR0350,L1Q34C16,NA,2
March,1,35,_MCR0351,L1Q35C01,NA,0
March,1,35,_MCR0351,L1Q35C02,NA,0
March,1,35,_MCR0351,L1Q35C03,NA,0
March,1,35,_MCR0351,L1Q35C04,NA,0
March,1,35,_MCR0351,L1Q35C05,NA,2
March,1,35,_MCR0351,L1Q35C06,NA,2
March,1,35,_MCR0351,L1Q35C07,NA,0
March,1,35,_MCR0351,L1Q35C08,NA,0
March,1,35,_MCR0351,L1Q35C09,NA,2
March,1,35,_MCR0351,L1Q35C11,NA,0
March,1,36,_MCR0352,L1Q36C02,NA,0
March,1,36,_MCR0352,L1Q36C03,NA,1
March,1,36,_MCR0352,L1Q36C04,NA,0
March,1,36,_MCR0352,L1Q36C05,NA,0
March,1,36,_MCR0352,L1Q36C06,NA,0
March,1,36,_MCR0352,L1Q36C07,NA,0
March,1,36,_MCR0352,L1Q36C08,NA,0
March,1,36,_MCR0352,L1Q36C09,NA,0
March,1,36,_MCR0352,L1Q36C10,NA,0
March,1,36,_MCR0352,L1Q36C11,NA,2
March,1,36,_MCR0352,L1Q36C13,NA,1
March,1,36,_MCR0352,L1Q36C14,NA,1
March,1,36,_MCR0352,L1Q36C15,NA,0
March,1,36,_MCR0352,L1Q36C16,NA,0
March,1,36,_MCR0352,L1Q36C17,NA,0
March,1,36,_MCR0352,L1Q36C18,NA,0
March,1,37,_MCR0353,L1Q37C01,NA,0
March,1,37,_MCR0353,L1Q37C04,NA,2
March,1,37,_MCR0353,L1Q37C05,NA,0
March,1,37,_MCR0353,L1Q37C06,NA,0
March,1,37,_MCR0353,L1Q37C08,NA,0
March,1,37,_MCR0353,L1Q37C09,NA,0
March,1,37,_MCR0353,L1Q37C10,NA,0
March,1,37,_MCR0353,L1Q37C11,NA,0
March,1,37,_MCR0353,L1Q37C13,NA,0
March,1,37,_MCR0353,L1Q37C14,NA,3
March,1,37,_MCR0353,L1Q37C15,NA,1
March,1,37,_MCR0353,L1Q37C16,NA,0
March,1,37,_MCR0353,L1Q37C17,NA,2
March,1,37,_MCR0353,L1Q37C18,NA,1
March,1,37,_MCR0353,L1Q37C19,NA,1
March,1,37,_MCR0353,L1Q37C20,NA,0
March,1,37,_MCR0353,L1Q37C22,NA,0
March,1,37,_MCR0353,L1Q37C27,NA,0
March,1,37,_MCR0353,L1Q37C28,NA,0
March,1,37,_MCR0353,L1Q37C29,NA,1
March,1,37,_MCR0353,L1Q37C30,NA,0
March,1,37,_MCR0353,L1Q37C32,NA,0
March,1,37,_MCR0353,L1Q37C33,NA,1
March,1,37,_MCR0353,L1Q37C34,NA,1
March,1,37,_MCR0353,L1Q37C35,NA,1
March,1,38,_MCR0354,L1Q38C01,NA,0
March,1,38,_MCR0354,L1Q38C02,NA,0
March,1,38,_MCR0354,L1Q38C03,NA,0
March,1,38,_MCR0354,L1Q38C04,NA,1
March,1,38,_MCR0354,L1Q38C05,NA,2
March,1,38,_MCR0354,L1Q38C06,NA,0
March,1,38,_MCR0354,L1Q38C07,NA,0
March,1,38,_MCR0354,L1Q38C08,NA,1
March,1,38,_MCR0354,L1Q38C09,NA,0
March,1,38,_MCR0354,L1Q38C10,NA,0
March,1,38,_MCR0354,L1Q38C11,NA,0
March,1,38,_MCR0354,L1Q38C12,NA,2
March,1,38,_MCR0354,L1Q38C13,NA,0
March,1,38,_MCR0354,L1Q38C14,NA,0
March,1,38,_MCR0354,L1Q38C15,NA,0
March,1,38,_MCR0354,L1Q38C16,NA,0
March,1,38,_MCR0354,L1Q38C17,NA,0
March,1,38,_MCR0354,L1Q38C18,NA,0
March,1,38,_MCR0354,L1Q38C19,NA,0
March,1,38,_MCR0354,L1Q38C20,NA,0
March,2,1,_MCR0417,L2Q01C01,NA,2
March,2,1,_MCR0417,L2Q01C02,NA,0
March,2,1,_MCR0417,L2Q01C03,NA,2
March,2,1,_MCR0417,L2Q01C04,NA,2
March,2,1,_MCR0417,L2Q01C05,NA,0
March,2,1,_MCR0417,L2Q01C07,NA,0
March,2,1,_MCR0417,L2Q01C08,NA,3
March,2,1,_MCR0417,L2Q01C10,NA,2
March,2,1,_MCR0417,L2Q01C11,NA,2
March,2,1,_MCR0417,L2Q01C16,NA,2
March,2,2,_MCR0418,L2Q02C01,NA,2
March,2,2,_MCR0418,L2Q02C02,NA,1
March,2,2,_MCR0418,L2Q02C03,NA,0
March,2,2,_MCR0418,L2Q02C04,NA,0
March,2,2,_MCR0418,L2Q02C07,NA,0
March,2,2,_MCR0418,L2Q02C08,NA,2
March,2,2,_MCR0418,L2Q02C09,NA,0
March,2,2,_MCR0418,L2Q02C10,NA,2
March,2,2,_MCR0418,L2Q02C15,NA,0
March,2,2,_MCR0418,L2Q02C17,NA,2
March,2,3,_MCR0419,L2Q03C01,NA,2
March,2,3,_MCR0419,L2Q03C02,NA,1
March,2,3,_MCR0419,L2Q03C04,NA,0
March,2,3,_MCR0419,L2Q03C05,NA,0
March,2,3,_MCR0419,L2Q03C06,NA,1
March,2,3,_MCR0419,L2Q03C07,NA,3
March,2,3,_MCR0419,L2Q03C14,NA,1
March,2,3,_MCR0419,L2Q03C15,NA,1
March,2,3,_MCR0419,L2Q03C16,NA,1
March,2,4,_MCR0420,L2Q04C01,NA,0
March,2,4,_MCR0420,L2Q04C02,NA,2
March,2,4,_MCR0420,L2Q04C05,NA,1
March,2,4,_MCR0420,L2Q04C10,NA,2
March,2,4,_MCR0420,L2Q04C13,NA,0
March,2,4,_MCR0420,L2Q04C18,NA,0
March,2,4,_MCR0420,L2Q04C19,NA,0
March,2,4,_MCR0420,L2Q04C20,NA,0
March,2,4,_MCR0420,L2Q04C22,NA,0
March,2,4,_MCR0420,L2Q04C23,NA,0
March,2,5,_MCR0421,L2Q05C01,NA,2
March,2,5,_MCR0421,L2Q05C03,NA,2
March,2,5,_MCR0421,L2Q05C04,NA,2
March,2,5,_MCR0421,L2Q05C05,NA,0
March,2,5,_MCR0421,L2Q05C06,NA,0
March,2,5,_MCR0421,L2Q05C07,NA,0
March,2,5,_MCR0421,L2Q05C08,NA,0
March,2,5,_MCR0421,L2Q05C11,NA,2
March,2,5,_MCR0421,L2Q05C14,NA,0
March,2,5,_MCR0421,L2Q05C15,NA,0
March,2,5,_MCR0421,L2Q05C16,NA,0
March,2,5,_MCR0421,L2Q05C17,NA,0
March,2,6,_MCR0422,L2Q06C01,NA,0
March,2,6,_MCR0422,L2Q06C02,NA,1
March,2,6,_MCR0422,L2Q06C03,NA,0
March,2,6,_MCR0422,L2Q06C05,NA,1
March,2,6,_MCR0422,L2Q06C07,NA,0
March,2,6,_MCR0422,L2Q06C08,NA,1
March,2,7,_MCR0423,L2Q07C01,NA,2
March,2,7,_MCR0423,L2Q07C02,NA,1
March,2,7,_MCR0423,L2Q07C03,NA,2
March,2,7,_MCR0423,L2Q07C04,NA,2
March,2,7,_MCR0423,L2Q07C05,NA,2
March,2,7,_MCR0423,L2Q07C06,NA,2
March,2,7,_MCR0423,L2Q07C07,NA,1
March,2,7,_MCR0423,L2Q07C08,NA,2
March,2,7,_MCR0423,L2Q07C13,NA,2
March,2,7,_MCR0423,L2Q07C14,NA,3
March,2,7,_MCR0423,L2Q07C15,NA,1
March,2,8,_MCR0424,L2Q08C01,NA,2
March,2,8,_MCR0424,L2Q08C02,NA,1
March,2,8,_MCR0424,L2Q08C03,NA,2
March,2,8,_MCR0424,L2Q08C04,NA,2
March,2,8,_MCR0424,L2Q08C05,NA,2
March,2,8,_MCR0424,L2Q08C06,NA,2
March,2,8,_MCR0424,L2Q08C07,NA,0
March,2,8,_MCR0424,L2Q08C08,NA,0
March,2,8,_MCR0424,L2Q08C09,NA,0
March,2,8,_MCR0424,L2Q08C10,NA,2
March,2,8,_MCR0424,L2Q08C11,NA,2
March,2,8,_MCR0424,L2Q08C12,NA,0
March,2,8,_MCR0424,L2Q08C15,NA,0
March,2,9,_MCR0426,L2Q09C01,NA,2
March,2,9,_MCR0426,L2Q09C02,NA,0
March,2,9,_MCR0426,L2Q09C03,NA,0
March,2,9,_MCR0426,L2Q09C04,NA,0
March,2,9,_MCR0426,L2Q09C05,NA,2
March,2,9,_MCR0426,L2Q09C07,NA,2
March,2,9,_MCR0426,L2Q09C08,NA,1
March,2,9,_MCR0426,L2Q09C09,NA,1
March,2,9,_MCR0426,L2Q09C13,NA,2
March,2,9,_MCR0426,L2Q09C14,NA,1
March,2,9,_MCR0426,L2Q09C15,NA,1
March,2,9,_MCR0426,L2Q09C16,NA,0
March,2,9,_MCR0426,L2Q09C17,NA,3
March,2,10,_MCR0427,L2Q10C01,NA,2
March,2,10,_MCR0427,L2Q10C02,NA,1
March,2,10,_MCR0427,L2Q10C03,NA,0
March,2,10,_MCR0427,L2Q10C04,NA,0
March,2,10,_MCR0427,L2Q10C05,NA,0
March,2,10,_MCR0427,L2Q10C06,NA,0
March,2,10,_MCR0427,L2Q10C07,NA,0
March,2,10,_MCR0427,L2Q10C08,NA,0
March,2,10,_MCR0427,L2Q10C09,NA,2
March,2,10,_MCR0427,L2Q10C10,NA,2
March,2,10,_MCR0427,L2Q10C11,NA,1
March,2,11,_MCR0428,L2Q11C01,NA,1
March,2,11,_MCR0428,L2Q11C02,NA,2
March,2,11,_MCR0428,L2Q11C03,NA,2
March,2,11,_MCR0428,L2Q11C04,NA,0
March,2,11,_MCR0428,L2Q11C05,NA,1
March,2,11,_MCR0428,L2Q11C06,NA,0
March,2,11,_MCR0428,L2Q11C07,NA,0
March,2,11,_MCR0428,L2Q11C08,NA,0
March,2,11,_MCR0428,L2Q11C09,NA,0
March,2,11,_MCR0428,L2Q11C10,NA,0
March,2,11,_MCR0428,L2Q11C11,NA,2
March,2,11,_MCR0428,L2Q11C12,NA,0
March,2,11,_MCR0428,L2Q11C15,NA,0
March,2,11,_MCR0428,L2Q11C16,NA,2
March,2,11,_MCR0428,L2Q11C17,NA,0
March,2,11,_MCR0428,L2Q11C20,NA,0
March,2,12,_MCR0430,L2Q12C01,NA,2
March,2,12,_MCR0430,L2Q12C02,NA,1
March,2,12,_MCR0430,L2Q12C03,NA,0
March,2,12,_MCR0430,L2Q12C04,NA,2
March,2,12,_MCR0430,L2Q12C05,NA,0
March,2,12,_MCR0430,L2Q12C06,NA,2
March,2,12,_MCR0430,L2Q12C08,NA,0
March,2,12,_MCR0430,L2Q12C09,NA,2
March,2,12,_MCR0430,L2Q12C10,NA,2
March,2,12,_MCR0430,L2Q12C11,NA,1
March,2,12,_MCR0430,L2Q12C12,NA,0
March,2,12,_MCR0430,L2Q12C13,NA,0
March,2,12,_MCR0430,L2Q12C14,NA,1
March,2,13,_MCR0431,L2Q13C01,NA,2
March,2,13,_MCR0431,L2Q13C02,NA,2
March,2,13,_MCR0431,L2Q13C03,NA,0
March,2,13,_MCR0431,L2Q13C04,NA,2
March,2,13,_MCR0431,L2Q13C06,NA,2
March,2,13,_MCR0431,L2Q13C07,NA,2
March,2,13,_MCR0431,L2Q13C08,NA,0
March,2,13,_MCR0431,L2Q13C09,NA,1
March,2,13,_MCR0431,L2Q13C10,NA,0
March,2,13,_MCR0431,L2Q13C11,NA,1
March,2,13,_MCR0431,L2Q13C12,NA,0
March,2,13,_MCR0431,L2Q13C20,NA,2
March,2,14,_MCR0432,L2Q14C01,NA,2
March,2,14,_MCR0432,L2Q14C02,NA,1
March,2,14,_MCR0432,L2Q14C03,NA,0
March,2,14,_MCR0432,L2Q14C04,NA,0
March,2,14,_MCR0432,L2Q14C05,NA,0
March,2,14,_MCR0432,L2Q14C06,NA,2
March,2,14,_MCR0432,L2Q14C07,NA,1
March,2,14,_MCR0432,L2Q14C08,NA,0
March,2,15,_MCR0433,L2Q15C02,NA,3
March,2,15,_MCR0433,L2Q15C03,NA,0
March,2,15,_MCR0433,L2Q15C04,NA,0
March,2,15,_MCR0433,L2Q15C05,NA,3
March,2,15,_MCR0433,L2Q15C06,NA,0
March,2,15,_MCR0433,L2Q15C07,NA,1
March,2,15,_MCR0433,L2Q15C09,NA,2
March,2,15,_MCR0433,L2Q15C10,NA,0
March,2,15,_MCR0433,L2Q15C11,NA,0
March,2,15,_MCR0433,L2Q15C12,NA,0
March,2,15,_MCR0433,L2Q15C13,NA,1
March,2,15,_MCR0433,L2Q15C17,NA,2
March,2,16,_MCR0434,L2Q16C01,NA,2
March,2,16,_MCR0434,L2Q16C03,NA,0
March,2,16,_MCR0434,L2Q16C04,NA,0
March,2,16,_MCR0434,L2Q16C06,NA,2
March,2,16,_MCR0434,L2Q16C07,NA,0
March,2,17,_MCR0436,L2Q17C01,NA,2
March,2,17,_MCR0436,L2Q17C02,NA,3
March,2,17,_MCR0436,L2Q17C03,NA,2
March,2,17,_MCR0436,L2Q17C04,NA,0
March,2,17,_MCR0436,L2Q17C05,NA,2
March,2,17,_MCR0436,L2Q17C06,NA,0
March,2,17,_MCR0436,L2Q17C07,NA,0
March,2,17,_MCR0436,L2Q17C08,NA,0
March,2,17,_MCR0436,L2Q17C09,NA,1
March,2,17,_MCR0436,L2Q17C10,NA,0
March,2,17,_MCR0436,L2Q17C11,NA,2
March,2,17,_MCR0436,L2Q17C12,NA,0
March,2,17,_MCR0436,L2Q17C13,NA,2
March,2,17,_MCR0436,L2Q17C14,NA,0
March,2,17,_MCR0436,L2Q17C16,NA,0
March,2,17,_MCR0436,L2Q17C17,NA,2
March,2,18,_MCR0437,L2Q18C01,NA,2
March,2,18,_MCR0437,L2Q18C02,NA,2
March,2,18,_MCR0437,L2Q18C03,NA,2
March,2,18,_MCR0437,L2Q18C04,NA,1
March,2,18,_MCR0437,L2Q18C05,NA,0
March,2,18,_MCR0437,L2Q18C06,NA,0
March,2,18,_MCR0437,L2Q18C07,NA,0
March,2,18,_MCR0437,L2Q18C08,NA,1
March,2,18,_MCR0437,L2Q18C10,NA,2
March,2,18,_MCR0437,L2Q18C11,NA,0
March,2,18,_MCR0437,L2Q18C12,NA,2
March,2,19,_MCR0438,L2Q19C01,NA,2
March,2,19,_MCR0438,L2Q19C02,NA,0
March,2,19,_MCR0438,L2Q19C03,NA,0
March,2,19,_MCR0438,L2Q19C04,NA,0
March,2,19,_MCR0438,L2Q19C05,NA,2
March,2,19,_MCR0438,L2Q19C06,NA,2
March,2,19,_MCR0438,L2Q19C08,NA,0
March,2,19,_MCR0438,L2Q19C09,NA,0
March,2,19,_MCR0438,L2Q19C10,NA,0
March,2,19,_MCR0438,L2Q19C11,NA,0
March,2,19,_MCR0438,L2Q19C12,NA,0
March,2,19,_MCR0438,L2Q19C13,NA,0
March,2,19,_MCR0438,L2Q19C14,NA,2
March,2,19,_MCR0438,L2Q19C15,NA,2
March,2,19,_MCR0438,L2Q19C16,NA,0
March,2,19,_MCR0438,L2Q19C17,NA,2
March,2,19,_MCR0438,L2Q19C18,NA,0
March,2,19,_MCR0438,L2Q19C19,NA,1
March,2,19,_MCR0438,L2Q19C20,NA,1
March,2,20,_MCR0439,L2Q20C02,NA,0
March,2,20,_MCR0439,L2Q20C04,NA,2
March,2,20,_MCR0439,L2Q20C05,NA,2
March,2,20,_MCR0439,L2Q20C06,NA,0
March,2,20,_MCR0439,L2Q20C07,NA,0
March,2,20,_MCR0439,L2Q20C08,NA,0
March,2,20,_MCR0439,L2Q20C09,NA,0
March,2,20,_MCR0439,L2Q20C10,NA,2
March,2,20,_MCR0439,L2Q20C12,NA,0
March,2,20,_MCR0439,L2Q20C13,NA,0
March,2,20,_MCR0439,L2Q20C14,NA,2
March,2,20,_MCR0439,L2Q20C17,NA,0
March,2,20,_MCR0439,L2Q20C18,NA,0
March,2,20,_MCR0439,L2Q20C19,NA,1
March,2,20,_MCR0439,L2Q20C20,NA,0
March,2,20,_MCR0439,L2Q20C21,NA,2
March,2,20,_MCR0439,L2Q20C22,NA,2
March,2,20,_MCR0439,L2Q20C23,NA,0
March,2,20,_MCR0439,L2Q20C24,NA,2
March,2,21,_MCR0440,L2Q21C01,NA,1
March,2,21,_MCR0440,L2Q21C02,NA,2
March,2,21,_MCR0440,L2Q21C03,NA,2
March,2,21,_MCR0440,L2Q21C04,NA,2
March,2,21,_MCR0440,L2Q21C06,NA,2
March,2,21,_MCR0440,L2Q21C07,NA,3
March,2,21,_MCR0440,L2Q21C09,NA,3
March,2,21,_MCR0440,L2Q21C10,NA,3
March,2,21,_MCR0440,L2Q21C11,NA,0
March,2,21,_MCR0440,L2Q21C12,NA,0
March,2,21,_MCR0440,L2Q21C13,NA,2
March,2,22,_MCR0441,L2Q22C01,NA,2
March,2,22,_MCR0441,L2Q22C02,NA,0
March,2,22,_MCR0441,L2Q22C03,NA,2
March,2,22,_MCR0441,L2Q22C04,NA,2
March,2,22,_MCR0441,L2Q22C05,NA,2
March,2,22,_MCR0441,L2Q22C06,NA,2
March,2,22,_MCR0441,L2Q22C07,NA,1
March,2,22,_MCR0441,L2Q22C12,NA,3
March,2,22,_MCR0441,L2Q22C13,NA,0
March,2,23,_MCR0442,L2Q23C01,NA,2
March,2,23,_MCR0442,L2Q23C02,NA,0
March,2,23,_MCR0442,L2Q23C03,NA,1
March,2,23,_MCR0442,L2Q23C04,NA,1
March,2,23,_MCR0442,L2Q23C05,NA,2
March,2,23,_MCR0442,L2Q23C06,NA,0
March,2,23,_MCR0442,L2Q23C08,NA,0
March,2,23,_MCR0442,L2Q23C09,NA,0
March,2,23,_MCR0442,L2Q23C10,NA,0
March,2,23,_MCR0442,L2Q23C11,NA,0
March,2,23,_MCR0442,L2Q23C12,NA,0
March,2,24,_MCR0443,L2Q24C01,NA,2
March,2,24,_MCR0443,L2Q24C02,NA,2
March,2,24,_MCR0443,L2Q24C03,NA,2
March,2,24,_MCR0443,L2Q24C06,NA,0
March,2,24,_MCR0443,L2Q24C07,NA,0
March,2,24,_MCR0443,L2Q24C08,NA,0
March,2,24,_MCR0443,L2Q24C09,NA,0
March,2,24,_MCR0443,L2Q24C10,NA,2
March,2,24,_MCR0443,L2Q24C11,NA,0
March,2,24,_MCR0443,L2Q24C12,NA,2
March,2,25,_MCR0446,L2Q25C01,NA,2
March,2,25,_MCR0446,L2Q25C02,NA,2
March,2,25,_MCR0446,L2Q25C03,NA,3
March,2,25,_MCR0446,L2Q25C05,NA,0
March,2,25,_MCR0446,L2Q25C06,NA,0
March,2,25,_MCR0446,L2Q25C08,NA,0
March,2,25,_MCR0446,L2Q25C10,NA,3
March,2,25,_MCR0446,L2Q25C11,NA,0
March,2,25,_MCR0446,L2Q25C12,NA,2
March,2,25,_MCR0446,L2Q25C13,NA,0
March,2,25,_MCR0446,L2Q25C14,NA,0
March,2,26,_MCR0447,L2Q26C01,NA,2
March,2,26,_MCR0447,L2Q26C02,NA,0
March,2,26,_MCR0447,L2Q26C03,NA,0
March,2,26,_MCR0447,L2Q26C04,NA,3
March,2,26,_MCR0447,L2Q26C05,NA,3
March,2,26,_MCR0447,L2Q26C06,NA,3
March,2,26,_MCR0447,L2Q26C07,NA,0
March,2,26,_MCR0447,L2Q26C08,NA,2
March,2,26,_MCR0447,L2Q26C09,NA,0
March,2,26,_MCR0447,L2Q26C10,NA,2
March,2,26,_MCR0447,L2Q26C11,NA,2
March,2,27,_MCR0448,L2Q27C01,NA,2
March,2,27,_MCR0448,L2Q27C05,NA,1
March,2,27,_MCR0448,L2Q27C06,NA,0
March,2,27,_MCR0448,L2Q27C07,NA,0
March,2,27,_MCR0448,L2Q27C13,NA,0
March,2,28,_MCR0449,L2Q28C01,NA,0
March,2,28,_MCR0449,L2Q28C02,NA,0
March,2,28,_MCR0449,L2Q28C03,NA,1
March,2,28,_MCR0449,L2Q28C04,NA,0
March,2,28,_MCR0449,L2Q28C05,NA,0
March,2,28,_MCR0449,L2Q28C08,NA,2
March,2,28,_MCR0449,L2Q28C09,NA,2
March,2,28,_MCR0449,L2Q28C10,NA,1
March,2,28,_MCR0449,L2Q28C11,NA,2
March,2,28,_MCR0449,L2Q28C12,NA,3
March,2,28,_MCR0449,L2Q28C14,NA,3
March,2,28,_MCR0449,L2Q28C15,NA,0
March,2,28,_MCR0449,L2Q28C16,NA,0
March,2,28,_MCR0449,L2Q28C18,NA,3
March,2,28,_MCR0449,L2Q28C19,NA,0
March,2,29,_MCR0450,L2Q29C01,NA,0
March,2,29,_MCR0450,L2Q29C02,NA,0
March,2,29,_MCR0450,L2Q29C05,NA,2
March,2,29,_MCR0450,L2Q29C06,NA,2
March,2,29,_MCR0450,L2Q29C07,NA,2
March,2,29,_MCR0450,L2Q29C09,NA,1
March,2,30,_MCR0451,L2Q30C01,NA,1
March,2,30,_MCR0451,L2Q30C02,NA,0
March,2,30,_MCR0451,L2Q30C03,NA,1
March,2,30,_MCR0451,L2Q30C04,NA,3
March,2,30,_MCR0451,L2Q30C05,NA,3
March,2,30,_MCR0451,L2Q30C06,NA,2
March,2,30,_MCR0451,L2Q30C07,NA,0
March,2,30,_MCR0451,L2Q30C08,NA,2
March,2,30,_MCR0451,L2Q30C09,NA,2
March,2,30,_MCR0451,L2Q30C10,NA,2
March,2,30,_MCR0451,L2Q30C11,NA,2
March,2,30,_MCR0451,L2Q30C12,NA,0
March,2,30,_MCR0451,L2Q30C13,NA,0
March,2,31,_MCR0452,L2Q31C01,NA,1
March,2,31,_MCR0452,L2Q31C02,NA,2
March,2,31,_MCR0452,L2Q31C03,NA,0
March,2,31,_MCR0452,L2Q31C04,NA,2
March,2,31,_MCR0452,L2Q31C05,NA,0
March,2,31,_MCR0452,L2Q31C06,NA,2
March,2,31,_MCR0452,L2Q31C08,NA,0
March,2,32,_MCR0453,L2Q32C01,NA,1
March,2,32,_MCR0453,L2Q32C02,NA,1
March,2,32,_MCR0453,L2Q32C03,NA,0
March,2,32,_MCR0453,L2Q32C05,NA,0
March,2,32,_MCR0453,L2Q32C06,NA,0
March,2,32,_MCR0453,L2Q32C08,NA,0
March,2,32,_MCR0453,L2Q32C09,NA,0
March,2,32,_MCR0453,L2Q32C10,NA,1
March,2,33,_MCR0455,L2Q33C01,NA,2
March,2,33,_MCR0455,L2Q33C02,NA,1
March,2,33,_MCR0455,L2Q33C04,NA,0
March,2,33,_MCR0455,L2Q33C05,NA,3
March,2,33,_MCR0455,L2Q33C06,NA,3
March,2,33,_MCR0455,L2Q33C07,NA,0
March,2,33,_MCR0455,L2Q33C08,NA,3
March,2,33,_MCR0455,L2Q33C09,NA,0
March,2,33,_MCR0455,L2Q33C10,NA,0
March,2,33,_MCR0455,L2Q33C11,NA,0
March,2,33,_MCR0455,L2Q33C12,NA,0
March,2,34,_MCR0456,L2Q34C01,NA,2
March,2,34,_MCR0456,L2Q34C02,NA,0
March,2,34,_MCR0456,L2Q34C03,NA,0
March,2,34,_MCR0456,L2Q34C06,NA,0
March,2,34,_MCR0456,L2Q34C07,NA,0
March,2,34,_MCR0456,L2Q34C08,NA,0
March,2,35,_MCR0457,L2Q35C01,NA,2
March,2,35,_MCR0457,L2Q35C02,NA,0
March,2,35,_MCR0457,L2Q35C04,NA,1
March,2,35,_MCR0457,L2Q35C06,NA,3
March,2,35,_MCR0457,L2Q35C07,NA,2
March,2,35,_MCR0457,L2Q35C09,NA,3
March,2,35,_MCR0457,L2Q35C10,NA,0
March,2,35,_MCR0457,L2Q35C11,NA,0
March,2,35,_MCR0457,L2Q35C12,NA,3
March,2,35,_MCR0457,L2Q35C13,NA,3
March,2,35,_MCR0457,L2Q35C14,NA,3
March,2,35,_MCR0457,L2Q35C15,NA,3
March,2,35,_MCR0457,L2Q35C16,NA,3
March,2,35,_MCR0457,L2Q35C17,NA,3
March,2,35,_MCR0457,L2Q35C19,NA,0
March,2,35,_MCR0457,L2Q35C20,NA,3
March,2,35,_MCR0457,L2Q35C21,NA,0
March,2,35,_MCR0457,L2Q35C22,NA,0
March,2,35,_MCR0457,L2Q35C23,NA,2
March,2,35,_MCR0457,L2Q35C25,NA,0
March,2,35,_MCR0457,L2Q35C26,NA,1
March,2,35,_MCR0457,L2Q35C27,NA,2
March,2,36,_MCR0458,L2Q36C01,NA,2
March,2,36,_MCR0458,L2Q36C02,NA,2
March,2,36,_MCR0458,L2Q36C03,NA,0
March,2,36,_MCR0458,L2Q36C04,NA,0
March,2,36,_MCR0458,L2Q36C05,NA,2
March,2,36,_MCR0458,L2Q36C06,NA,2
March,2,36,_MCR0458,L2Q36C08,NA,1
March,2,36,_MCR0458,L2Q36C09,NA,2
March,2,36,_MCR0458,L2Q36C10,NA,1
March,2,36,_MCR0458,L2Q36C11,NA,0
March,2,36,_MCR0458,L2Q36C12,NA,0
March,2,37,_MCR0459,L2Q37C01,NA,2
March,2,37,_MCR0459,L2Q37C02,NA,2
March,2,37,_MCR0459,L2Q37C05,NA,2
March,2,37,_MCR0459,L2Q37C06,NA,1
March,2,37,_MCR0459,L2Q37C07,NA,0
March,2,37,_MCR0459,L2Q37C09,NA,0
March,2,37,_MCR0459,L2Q37C10,NA,0
March,2,37,_MCR0459,L2Q37C11,NA,2
March,2,37,_MCR0459,L2Q37C13,NA,1
March,2,37,_MCR0459,L2Q37C14,NA,0
March,2,38,_MCR0460,L2Q38C01,NA,2
March,2,38,_MCR0460,L2Q38C02,NA,2
March,2,38,_MCR0460,L2Q38C03,NA,0
March,2,38,_MCR0460,L2Q38C04,NA,1
March,2,38,_MCR0460,L2Q38C05,NA,0
March,2,38,_MCR0460,L2Q38C06,NA,0
March,2,38,_MCR0460,L2Q38C07,NA,2
March,2,38,_MCR0460,L2Q38C08,NA,0
March,2,38,_MCR0460,L2Q38C09,NA,0
March,2,38,_MCR0460,L2Q38C10,NA,0
March,2,39,_MCR0461,L2Q39C01,NA,1
March,2,39,_MCR0461,L2Q39C03,NA,0
March,2,39,_MCR0461,L2Q39C04,NA,0
March,2,39,_MCR0461,L2Q39C05,NA,0
March,2,39,_MCR0461,L2Q39C06,NA,0
March,2,39,_MCR0461,L2Q39C07,NA,0
March,2,39,_MCR0461,L2Q39C08,NA,0
March,2,39,_MCR0461,L2Q39C09,NA,0
March,2,39,_MCR0461,L2Q39C10,NA,0
March,2,39,_MCR0461,L2Q39C11,NA,0
March,2,39,_MCR0461,L2Q39C14,NA,3
March,2,39,_MCR0461,L2Q39C15,NA,0
March,2,40,_MCR0462,L2Q40C01,NA,1
March,2,40,_MCR0462,L2Q40C02,NA,1
March,2,40,_MCR0462,L2Q40C03,NA,0
March,2,40,_MCR0462,L2Q40C04,NA,0
March,2,40,_MCR0462,L2Q40C05,NA,0
March,2,40,_MCR0462,L2Q40C06,NA,1
March,2,40,_MCR0462,L2Q40C07,NA,0
March,2,40,_MCR0462,L2Q40C08,NA,0
March,2,40,_MCR0462,L2Q40C09,NA,0
March,2,40,_MCR0462,L2Q40C10,NA,0
March,2,40,_MCR0462,L2Q40C11,NA,0
March,2,40,_MCR0462,L2Q40C12,NA,0
March,2,40,_MCR0462,L2Q40C13,NA,0
March,2,40,_MCR0462,L2Q40C14,NA,1
March,2,40,_MCR0462,L2Q40C15,NA,3
March,2,40,_MCR0462,L2Q40C16,NA,0
March,2,40,_MCR0462,L2Q40C17,NA,1
May,1,1,_MCR2188,L1Q01C01,36.191,3
May,1,1,_MCR2188,L1Q01C02,NA,3
May,1,1,_MCR2188,L1Q01C03,22.349,1
May,1,1,_MCR2188,L1Q01C04,8.645,2
May,1,1,_MCR2188,L1Q01C05,15.534,1
May,1,1,_MCR2188,L1Q01C06,NA,3
May,1,1,_MCR2188,L1Q01C07,5.138,1
May,1,1,_MCR2188,L1Q01C08,NA,1
May,1,1,_MCR2188,L1Q01C09,NA,3
May,1,1,_MCR2188,L1Q01C10,NA,3
May,1,1,_MCR2188,L1Q01C11,15.919,3
May,1,1,_MCR2188,L1Q01C12,12.37,0
May,1,1,_MCR2188,L1Q01C13,23.952,3
May,1,1,_MCR2188,L1Q01C14,8.186,0
May,1,2,_MCR2189,L1Q02C01,NA,3
May,1,2,_MCR2189,L1Q02C02,16.511,3
May,1,2,_MCR2189,L1Q02C03,18.24,3
May,1,2,_MCR2189,L1Q02C04,NA,3
May,1,2,_MCR2189,L1Q02C05,NA,3
May,1,2,_MCR2189,L1Q02C06,3.558,3
May,1,2,_MCR2189,L1Q02C07,21.018,0
May,1,2,_MCR2189,L1Q02C08,NA,1
May,1,3,_MCR2190,L1Q03C01,27.733,3
May,1,3,_MCR2190,L1Q03C02,18.768,3
May,1,3,_MCR2190,L1Q03C03,NA,2
May,1,3,_MCR2190,L1Q03C04,NA,3
May,1,3,_MCR2190,L1Q03C05,34.224,3
May,1,3,_MCR2190,L1Q03C06,6.974,0
May,1,3,_MCR2190,L1Q03C07,6.45,3
May,1,3,_MCR2190,L1Q03C08,7.816,3
May,1,3,_MCR2190,L1Q03C09,12.648,0
May,1,3,_MCR2190,L1Q03C10,16.559,1
May,1,3,_MCR2190,L1Q03C11,12.279,1
May,1,3,_MCR2190,L1Q03C12,14.399,1
May,1,3,_MCR2190,L1Q03C13,7.101,1
May,1,4,_MCR2191,L1Q04C01,NA,3
May,1,4,_MCR2191,L1Q04C02,NA,3
May,1,4,_MCR2191,L1Q04C03,16.928,1
May,1,4,_MCR2191,L1Q04C04,14.717,1
May,1,4,_MCR2191,L1Q04C05,17.814,0
May,1,4,_MCR2191,L1Q04C06,16.775,2
May,1,4,_MCR2191,L1Q04C07,NA,2
May,1,4,_MCR2191,L1Q04C08,NA,2
May,1,4,_MCR2191,L1Q04C09,NA,3
May,1,4,_MCR2191,L1Q04C10,13.838,0
May,1,4,_MCR2191,L1Q04C12,NA,0
May,1,4,_MCR2191,L1Q04C13,5.583,0
May,1,4,_MCR2191,L1Q04C14,NA,1
May,1,5,_MCR2192,L1Q05C01,NA,3
May,1,5,_MCR2192,L1Q05C02,19.969,3
May,1,5,_MCR2192,L1Q05C03,19.977,0
May,1,5,_MCR2192,L1Q05C04,13.761,0
May,1,5,_MCR2192,L1Q05C05,12.749,3
May,1,5,_MCR2192,L1Q05C06,14.195,1
May,1,5,_MCR2192,L1Q05C07,18.269,0
May,1,5,_MCR2192,L1Q05C08,NA,0
May,1,5,_MCR2192,L1Q05C09,NA,1
May,1,5,_MCR2192,L1Q05C11,16.193,0
May,1,5,_MCR2192,L1Q05C12,NA,3
May,1,5,_MCR2192,L1Q05C13,10.328,0
May,1,6,_MCR2193,L1Q06C01,15.151,3
May,1,6,_MCR2193,L1Q06C02,6.026,3
May,1,6,_MCR2193,L1Q06C03,16.145,3
May,1,6,_MCR2193,L1Q06C04,10.638,3
May,1,6,_MCR2193,L1Q06C05,9.323,1
May,1,6,_MCR2193,L1Q06C06,15.267,2
May,1,6,_MCR2193,L1Q06C07,NA,1
May,1,6,_MCR2193,L1Q06C08,10.237,3
May,1,6,_MCR2193,L1Q06C09,7.69,3
May,1,6,_MCR2193,L1Q06C10,NA,2
May,1,6,_MCR2193,L1Q06C11,10.649,0
May,1,6,_MCR2193,L1Q06C12,NA,0
May,1,6,_MCR2193,L1Q06C13,4.674,1
May,1,6,_MCR2193,L1Q06C14,7.743,2
May,1,6,_MCR2193,L1Q06C15,6.072,0
May,1,6,_MCR2193,L1Q06C16,NA,1
May,1,6,_MCR0318,L1Q06C16,NA,2
May,1,6,_MCR0318,L1Q06C19,NA,1
May,1,7,_MCR2194,L1Q07C01,NA,3
May,1,7,_MCR2194,L1Q07C02,31.516,3
May,1,7,_MCR2194,L1Q07C03,NA,3
May,1,7,_MCR2194,L1Q07C04,NA,3
May,1,7,_MCR2194,L1Q07C06,11.338,3
May,1,7,_MCR2194,L1Q07C08,NA,3
May,1,7,_MCR2194,L1Q07C10,4.644,0
May,1,7,_MCR2194,L1Q07C11,5.393,0
May,1,7,_MCR2194,L1Q07C12,6.492,0
May,1,7,_MCR2194,L1Q07C14,15.53,2
May,1,7,_MCR2194,L1Q07C15,NA,0
May,1,7,_MCR2194,L1Q07C16,NA,1
May,1,7,_MCR2194,L1Q07C17,NA,1
May,1,7,_MCR2194,L1Q07C18,NA,3
May,1,7,_MCR2194,L1Q07C19,NA,2
May,1,7,_MCR2194,L1Q07C20,NA,0
May,1,7,_MCR2194,L1Q07C21,4.358,0
May,1,8,_MCR2195,L1Q08C01,23.49,3
May,1,8,_MCR2195,L1Q08C02,NA,3
May,1,8,_MCR2195,L1Q08C03,24.333,3
May,1,8,_MCR2195,L1Q08C04,13.204,0
May,1,8,_MCR2195,L1Q08C05,NA,2
May,1,8,_MCR2195,L1Q08C06,5.922,3
May,1,8,_MCR2195,L1Q08C07,22.032,3
May,1,8,_MCR2195,L1Q08C08,17.55,2
May,1,8,_MCR2195,L1Q08C09,NA,1
May,1,8,_MCR2195,L1Q08C10,NA,3
May,1,8,_MCR2195,L1Q08C11,NA,3
May,1,8,_MCR2195,L1Q08C12,NA,1
May,1,8,_MCR2195,L1Q08C13,14.431,1
May,1,8,_MCR2195,L1Q08C14,NA,1
May,1,8,_MCR2195,L1Q08C15,22.462,1
May,1,8,_MCR2195,L1Q08C16,5.213,1
May,1,8,_MCR2195,L1Q08C17,8.013,2
May,1,8,_MCR2195,L1Q08C18,NA,3
May,1,9,_MCR2197,L1Q09C01,NA,3
May,1,9,_MCR2197,L1Q09C02,17.558,1
May,1,9,_MCR2197,L1Q09C04,7.903,0
May,1,9,_MCR2197,L1Q09C05,13.826,1
May,1,9,_MCR2197,L1Q09C07,13.982,0
May,1,9,_MCR2197,L1Q09C08,18.42,2
May,1,9,_MCR2197,L1Q09C09,25.32,3
May,1,9,_MCR2197,L1Q09C10,23.528,1
May,1,9,_MCR2197,L1Q09C11,10.926,2
May,1,9,_MCR2197,L1Q09C12,5.792,2
May,1,9,_MCR2197,L1Q09C13,8.729,2
May,1,9,_MCR2197,L1Q09C14,NA,1
May,1,9,_MCR2197,L1Q09C15,6.293,0
May,1,9,_MCR2197,L1Q09C17,NA,2
May,1,10,_MCR2198,L1Q10C01,35.783,3
May,1,10,_MCR2198,L1Q10C02,NA,3
May,1,10,_MCR2198,L1Q10C03,28.483,2
May,1,10,_MCR2198,L1Q10C04,NA,3
May,1,10,_MCR2198,L1Q10C06,16.499,3
May,1,10,_MCR2198,L1Q10C07,15.609,3
May,1,10,_MCR2198,L1Q10C10,7.566,2
May,1,10,_MCR2198,L1Q10C11,NA,0
May,1,10,_MCR2198,L1Q10C12,5.507,0
May,1,10,_MCR2198,L1Q10C13,8.698,0
May,1,11,_MCR2199,L1Q11C02,16.702,3
May,1,11,_MCR2199,L1Q11C03,NA,3
May,1,11,_MCR2199,L1Q11C04,NA,0
May,1,11,_MCR2199,L1Q11C05,12.261,0
May,1,11,_MCR2199,L1Q11C06,24.62,3
May,1,11,_MCR2199,L1Q11C08,NA,0
May,1,11,_MCR2199,L1Q11C09,NA,3
May,1,11,_MCR2199,L1Q11C11,21.753,2
May,1,11,_MCR2199,L1Q11C12,NA,2
May,1,11,_MCR2199,L1Q11C13,NA,0
May,1,11,_MCR2199,L1Q11C14,NA,3
May,1,11,_MCR2199,L1Q11C15,4.612,0
May,1,11,_MCR2199,L1Q11C16,7.048,0
May,1,11,_MCR2199,L1Q11C18,NA,3
May,1,12,_MCR2200,L1Q12C01,NA,0
May,1,12,_MCR2200,L1Q12C02,16.157,2
May,1,12,_MCR2200,L1Q12C03,16.521,1
May,1,12,_MCR2200,L1Q12C04,8.894,0
May,1,12,_MCR2200,L1Q12C05,NA,2
May,1,12,_MCR2200,L1Q12C06,25.225,3
May,1,12,_MCR2200,L1Q12C07,16.335,2
May,1,12,_MCR2200,L1Q12C09,NA,1
May,1,12,_MCR2200,L1Q12C10,NA,3
May,1,12,_MCR2200,L1Q12C11,10.289,2
May,1,12,_MCR2200,L1Q12C12,11.564,0
May,1,12,_MCR2200,L1Q12C17,NA,2
May,1,12,_MCR2200,L1Q12C18,14.505,0
May,1,12,_MCR2200,L1Q12C19,NA,3
May,1,12,_MCR2200,L1Q12C20,21.197,1
May,1,12,_MCR2200,L1Q12C21,NA,0
May,1,12,_MCR2200,L1Q12C23,6.334,0
May,1,12,_MCR2200,L1Q12C24,3.127,0
May,1,13,_MCR2201,L1Q13C01,NA,3
May,1,13,_MCR2201,L1Q13C02,15.064,3
May,1,13,_MCR2201,L1Q13C03,13.57,0
May,1,13,_MCR2201,L1Q13C04,13.207,0
May,1,13,_MCR2201,L1Q13C05,8.767,1
May,1,13,_MCR2201,L1Q13C06,10.925,1
May,1,13,_MCR2201,L1Q13C07,NA,3
May,1,13,_MCR2201,L1Q13C08,NA,2
May,1,13,_MCR2201,L1Q13C09,7.81,1
May,1,13,_MCR2201,L1Q13C13,6.079,3
May,1,13,_MCR2201,L1Q13C15,NA,0
May,1,13,_MCR2201,L1Q13C16,15.517,2
May,1,13,_MCR2201,L1Q13C17,NA,0
May,1,13,_MCR2201,L1Q13C18,NA,2
May,1,13,_MCR2201,L1Q13C20,8.372,0
May,1,14,_MCR2202,L1Q14C01,22.01,3
May,1,14,_MCR2202,L1Q14C02,5.227,2
May,1,14,_MCR2202,L1Q14C03,6.084,3
May,1,14,_MCR2202,L1Q14C04,13.404,2
May,1,14,_MCR2202,L1Q14C05,5.227,3
May,1,14,_MCR2202,L1Q14C07,13.492,3
May,1,14,_MCR2202,L1Q14C08,10.444,0
May,1,14,_MCR2202,L1Q14C09,15.928,1
May,1,14,_MCR2202,L1Q14C10,NA,0
May,1,14,_MCR2202,L1Q14C11,NA,2
May,1,14,_MCR2202,L1Q14C12,5.209,1
May,1,14,_MCR2202,L1Q14C13,NA,1
May,1,14,_MCR2202,L1Q14C14,NA,2
May,1,14,_MCR2202,L1Q14C15,10.672,2
May,1,14,_MCR2202,L1Q14C16,11.799,2
May,1,14,_MCR2202,L1Q14C17,8.082,2
May,1,14,_MCR2202,L1Q14C18,7.928,2
May,1,14,_MCR2202,L1Q14C20,10.871,1
May,1,14,_MCR2202,L1Q14C21,7.678,2
May,1,14,_MCR2202,L1Q14C22,NA,2
May,1,14,_MCR2202,L1Q14C23,9.885,2
May,1,14,_MCR2202,L1Q14C24,NA,2
May,1,14,_MCR2202,L1Q14C25,NA,3
May,1,14,_MCR2202,L1Q14C33,11.761,3
May,1,15,_MCR2203,L1Q15C01,8.191,0
May,1,15,_MCR2203,L1Q15C02,9.666,3
May,1,15,_MCR2203,L1Q15C04,12.618,0
May,1,15,_MCR2203,L1Q15C05,NA,3
May,1,15,_MCR2203,L1Q15C06,20.447,2
May,1,15,_MCR2203,L1Q15C07,NA,3
May,1,15,_MCR2203,L1Q15C18,21.949,3
May,1,15,_MCR2203,L1Q15C19,6.013,0
May,1,15,_MCR2203,L1Q15C20,NA,1
May,1,15,_MCR2203,L1Q15C23,7.983,0
May,1,15,_MCR2203,L1Q15C24,8.472,0
May,1,15,_MCR2203,L1Q15C25,7.089,1
May,1,15,_MCR2203,L1Q15C26,5.113,0
May,1,15,_MCR2203,L1Q15C27,16.12,0
May,1,15,_MCR2203,L1Q15C28,5.322,1
May,1,15,_MCR2203,L1Q15C29,9.202,1
May,1,15,_MCR2203,L1Q15C30,NA,1
May,1,15,_MCR2203,L1Q15C31,5.214,0
May,1,16,_MCR2204,L1Q16C02,11.38,0
May,1,16,_MCR2204,L1Q16C03,NA,3
May,1,16,_MCR2204,L1Q16C04,18.38,0
May,1,16,_MCR2204,L1Q16C05,8.088,0
May,1,16,_MCR2204,L1Q16C06,NA,0
May,1,16,_MCR2204,L1Q16C08,3.757,3
May,1,16,_MCR2204,L1Q16C10,8.849,1
May,1,16,_MCR2204,L1Q16C11,5.917,0
May,1,17,_MCR2207,L1Q17C01,34.388,3
May,1,17,_MCR2207,L1Q17C02,14.231,3
May,1,17,_MCR2207,L1Q17C03,NA,3
May,1,17,_MCR2207,L1Q17C04,NA,1
May,1,17,_MCR2207,L1Q17C06,10.334,0
May,1,17,_MCR2207,L1Q17C08,25.745,3
May,1,17,_MCR2207,L1Q17C09,NA,0
May,1,17,_MCR2207,L1Q17C10,NA,0
May,1,17,_MCR2207,L1Q17C12,NA,2
May,1,17,_MCR2207,L1Q17C13,2.246,0
May,1,17,_MCR2207,L1Q17C14,10.581,3
May,1,17,_MCR2207,L1Q17C15,NA,3
May,1,17,_MCR2207,L1Q17C19,7.63,2
May,1,17,_MCR2207,L1Q17C20,5.709,3
May,1,17,_MCR2207,L1Q17C21,NA,1
May,1,18,_MCR2208,L1Q18C02,28.274,3
May,1,18,_MCR2208,L1Q18C04,9.357,1
May,1,18,_MCR2208,L1Q18C05,15.54,1
May,1,18,_MCR2208,L1Q18C10,NA,2
May,1,18,_MCR2208,L1Q18C11,NA,3
May,1,18,_MCR2208,L1Q18C12,14.827,1
May,1,18,_MCR2208,L1Q18C13,16.386,3
May,1,18,_MCR2208,L1Q18C14,NA,3
May,1,18,_MCR2208,L1Q18C17,4.205,0
May,1,18,_MCR2208,L1Q18C19,NA,1
May,1,18,_MCR2208,L1Q18C21,NA,1
May,1,18,_MCR2208,L1Q18C22,NA,0
May,1,18,_MCR2208,L1Q18C27,6.194,0
May,1,19,_MCR2209,L1Q19C01,NA,3
May,1,19,_MCR2209,L1Q19C02,NA,3
May,1,19,_MCR2209,L1Q19C04,NA,3
May,1,19,_MCR2209,L1Q19C05,18.575,0
May,1,19,_MCR2209,L1Q19C06,13.426,2
May,1,19,_MCR2209,L1Q19C07,16.232,2
May,1,19,_MCR2209,L1Q19C08,21.43,2
May,1,19,_MCR2209,L1Q19C09,16.749,2
May,1,19,_MCR2209,L1Q19C12,NA,2
May,1,19,_MCR2209,L1Q19C14,5.203,0
May,1,19,_MCR2209,L1Q19C17,NA,1
May,1,19,_MCR2209,L1Q19C18,NA,1
May,1,19,_MCR2209,L1Q19C21,2.92,1
May,1,20,_MCR2210,L1Q20C01,14.248,1
May,1,20,_MCR2210,L1Q20C02,8.719,1
May,1,20,_MCR2210,L1Q20C03,34.007,1
May,1,20,_MCR2210,L1Q20C04,10.571,0
May,1,20,_MCR2210,L1Q20C06,NA,3
May,1,20,_MCR2210,L1Q20C07,14.728,3
May,1,20,_MCR2210,L1Q20C08,NA,3
May,1,20,_MCR2210,L1Q20C09,13.981,3
May,1,20,_MCR2210,L1Q20C10,14.336,1
May,1,20,_MCR2210,L1Q20C11,5.433,3
May,1,20,_MCR2210,L1Q20C12,3.444,3
May,1,20,_MCR2210,L1Q20C13,22.378,2
May,1,20,_MCR2210,L1Q20C14,13.638,2
May,1,20,_MCR2210,L1Q20C15,7.096,2
May,1,20,_MCR2210,L1Q20C16,6.711,3
May,1,20,_MCR2210,L1Q20C17,11.74,3
May,1,20,_MCR2210,L1Q20C18,5.793,3
May,1,20,_MCR2210,L1Q20C19,9.758,0
May,1,20,_MCR2210,L1Q20C20,8.55,0
May,1,20,_MCR2210,L1Q20C21,10.621,0
May,1,20,_MCR2210,L1Q20C22,9.609,2
May,1,20,_MCR2210,L1Q20C23,NA,1
May,1,20,_MCR2210,L1Q20C24,5.5,1
May,1,20,_MCR2210,L1Q20C26,NA,3
May,1,20,_MCR2210,L1Q20C27,NA,3
May,1,20,_MCR2210,L1Q20C31,5.113,0
May,1,21,_MCR2211,L1Q21C01,NA,3
May,1,21,_MCR2211,L1Q21C02,8.598,1
May,1,21,_MCR2211,L1Q21C03,5.203,1
May,1,21,_MCR2211,L1Q21C05,14.369,1
May,1,21,_MCR2211,L1Q21C06,10.331,1
May,1,21,_MCR2211,L1Q21C07,10.019,1
May,1,21,_MCR2211,L1Q21C08,10.089,1
May,1,21,_MCR2211,L1Q21C10,11.203,2
May,1,21,_MCR2211,L1Q21C11,NA,3
May,1,21,_MCR2211,L1Q21C12,5.956,0
May,1,21,_MCR2211,L1Q21C13,4.944,3
May,1,21,_MCR2211,L1Q21C14,4.123,3
May,1,21,_MCR2211,L1Q21C16,NA,0
May,1,21,_MCR2211,L1Q21C17,NA,0
May,1,21,_MCR2211,L1Q21C30,NA,3
May,1,21,_MCR2211,L1Q21C32,NA,1
May,1,21,_MCR2211,L1Q21C33,NA,3
May,1,21,_MCR2211,L1Q21C34,NA,0
May,1,22,_MCR2212,L1Q22C01,13.296,0
May,1,22,_MCR2212,L1Q22C02,12.498,0
May,1,22,_MCR2212,L1Q22C03,NA,3
May,1,22,_MCR2212,L1Q22C04,18.777,3
May,1,22,_MCR2212,L1Q22C05,21.717,3
May,1,22,_MCR2212,L1Q22C06,NA,0
May,1,22,_MCR2212,L1Q22C07,10.592,0
May,1,22,_MCR2212,L1Q22C08,NA,2
May,1,22,_MCR2212,L1Q22C09,13.488,0
May,1,22,_MCR2212,L1Q22C10,NA,2
May,1,22,_MCR2212,L1Q22C11,NA,0
May,1,22,_MCR2212,L1Q22C12,NA,1
May,1,22,_MCR2212,L1Q22C13,4.368,0
May,1,22,_MCR2212,L1Q22C14,8.544,2
May,1,22,_MCR2212,L1Q22C16,7.357,1
May,1,22,_MCR2212,L1Q22C17,NA,0
May,1,23,_MCR2214,L1Q23C01,NA,3
May,1,23,_MCR2214,L1Q23C02,9.346,1
May,1,23,_MCR2214,L1Q23C03,9.241,0
May,1,23,_MCR2214,L1Q23C04,NA,3
May,1,23,_MCR2214,L1Q23C05,NA,1
May,1,23,_MCR2214,L1Q23C07,10.888,2
May,1,23,_MCR2214,L1Q23C08,24.054,3
May,1,23,_MCR2214,L1Q23C09,21.026,3
May,1,23,_MCR2214,L1Q23C13,NA,3
May,1,23,_MCR2214,L1Q23C14,6.972,0
May,1,23,_MCR2214,L1Q23C15,NA,3
May,1,24,_MCR2215,L1Q24C01,25.792,3
May,1,24,_MCR2215,L1Q24C02,NA,3
May,1,24,_MCR2215,L1Q24C04,6.692,0
May,1,24,_MCR2215,L1Q24C05,12.513,2
May,1,24,_MCR2215,L1Q24C06,NA,1
May,1,24,_MCR2215,L1Q24C07,17.973,3
May,1,24,_MCR2215,L1Q24C08,10.795,3
May,1,24,_MCR2215,L1Q24C09,NA,3
May,1,24,_MCR2215,L1Q24C11,13.726,2
May,1,24,_MCR2215,L1Q24C12,24.308,2
May,1,24,_MCR2215,L1Q24C13,NA,3
May,1,24,_MCR2215,L1Q24C14,7.607,0
May,1,24,_MCR2215,L1Q24C15,12.523,3
May,1,24,_MCR2215,L1Q24C16,8.142,0
May,1,24,_MCR2215,L1Q24C25,8.335,0
May,1,25,_MCR2216,L1Q25C01,18.793,3
May,1,25,_MCR2216,L1Q25C02,NA,3
May,1,25,_MCR2216,L1Q25C03,NA,3
May,1,25,_MCR2216,L1Q25C04,31.689,3
May,1,25,_MCR2216,L1Q25C05,16.344,0
May,1,25,_MCR2216,L1Q25C06,NA,1
May,1,25,_MCR2216,L1Q25C14,4.241,0
May,1,25,_MCR2216,L1Q25C15,3.659,0
May,1,25,_MCR2216,L1Q25C16,4.117,0
May,1,26,_MCR2217,L1Q26C01,30.821,2
May,1,26,_MCR2217,L1Q26C03,NA,3
May,1,26,_MCR2217,L1Q26C04,NA,3
May,1,26,_MCR2217,L1Q26C06,4.969,3
May,1,26,_MCR2217,L1Q26C07,NA,2
May,1,26,_MCR2217,L1Q26C08,NA,2
May,1,26,_MCR2217,L1Q26C09,40.689,3
May,1,26,_MCR2217,L1Q26C10,13.54,0
May,1,26,_MCR2217,L1Q26C13,5.153,0
May,1,26,_MCR2217,L1Q26C17,NA,2
May,1,27,_MCR2218,L1Q27C01,NA,3
May,1,27,_MCR2218,L1Q27C04,11.798,3
May,1,27,_MCR2218,L1Q27C06,21.773,0
May,1,27,_MCR2218,L1Q27C07,9.488,0
May,1,27,_MCR2218,L1Q27C08,9.077,0
May,1,27,_MCR2218,L1Q27C09,NA,3
May,1,27,_MCR2218,L1Q27C10,7.339,0
May,1,27,_MCR2218,L1Q27C11,NA,3
May,1,27,_MCR2218,L1Q27C17,8.671,1
May,1,28,_MCR2219,L1Q28C01,30.432,3
May,1,28,_MCR2219,L1Q28C02,NA,3
May,1,28,_MCR2219,L1Q28C03,11.072,0
May,1,28,_MCR2219,L1Q28C06,NA,0
May,1,28,_MCR2219,L1Q28C07,NA,0
May,1,28,_MCR2219,L1Q28C08,NA,1
May,1,28,_MCR2219,L1Q28C09,NA,3
May,1,28,_MCR2219,L1Q28C10,NA,3
May,1,28,_MCR2219,L1Q28C11,23.127,3
May,1,28,_MCR2219,L1Q28C15,NA,0
May,1,28,_MCR2219,L1Q28C16,16.686,0
May,1,28,_MCR2219,L1Q28C17,NA,3
May,1,29,_MCR2220,L1Q29C01,22.877,3
May,1,29,_MCR2220,L1Q29C03,19.609,0
May,1,29,_MCR2220,L1Q29C04,NA,0
May,1,29,_MCR2220,L1Q29C05,4.335,0
May,1,29,_MCR2220,L1Q29C06,6.172,3
May,1,29,_MCR2220,L1Q29C07,8.851,3
May,1,29,_MCR2220,L1Q29C09,14.82,0
May,1,29,_MCR2220,L1Q29C10,8.017,2
May,1,29,_MCR2220,L1Q29C11,15.312,3
May,1,29,_MCR2220,L1Q29C12,NA,0
May,1,29,_MCR2220,L1Q29C13,6.935,1
May,1,29,_MCR2220,L1Q29C14,NA,1
May,1,29,_MCR2220,L1Q29C15,20.384,3
May,1,29,_MCR2220,L1Q29C18,NA,3
May,1,29,_MCR2220,L1Q29C19,NA,0
May,1,29,_MCR2220,L1Q29C28,NA,3
May,1,29,_MCR2220,L1Q29C29,12.628,0
May,1,29,_MCR2220,L1Q29C30,3.678,0
May,1,29,_MCR2220,L1Q29C31,NA,0
May,1,30,_MCR2221,L1Q30C01,13.546,0
May,1,30,_MCR2221,L1Q30C02,12.664,1
May,1,30,_MCR2221,L1Q30C03,15.875,1
May,1,30,_MCR2221,L1Q30C04,NA,3
May,1,30,_MCR2221,L1Q30C05,12.711,2
May,1,30,_MCR2221,L1Q30C06,NA,2
May,1,30,_MCR2221,L1Q30C07,NA,2
May,1,30,_MCR2221,L1Q30C08,12.247,2
May,1,30,_MCR2221,L1Q30C11,NA,0
May,1,30,_MCR2221,L1Q30C12,NA,3
May,1,30,_MCR2221,L1Q30C13,5.661,0
May,1,30,_MCR2221,L1Q30C14,11.788,0
May,1,30,_MCR2221,L1Q30C15,NA,3
May,1,30,_MCR2221,L1Q30C16,15.764,1
May,1,30,_MCR2221,L1Q30C17,NA,1
May,1,31,_MCR2223,L1Q31C01,29.438,3
May,1,31,_MCR2223,L1Q31C03,9.677,0
May,1,31,_MCR2223,L1Q31C04,10.666,3
May,1,31,_MCR2223,L1Q31C05,3.384,3
May,1,31,_MCR2223,L1Q31C06,14.533,3
May,1,31,_MCR2223,L1Q31C07,NA,3
May,1,31,_MCR2223,L1Q31C08,8.818,1
May,1,31,_MCR2223,L1Q31C09,NA,0
May,1,31,_MCR2223,L1Q31C10,8.195,0
May,1,31,_MCR2223,L1Q31C11,NA,1
May,1,31,_MCR2223,L1Q31C12,NA,2
May,1,31,_MCR2223,L1Q31C13,NA,2
May,1,32,_MCR2224,L1Q32C01,31.676,3
May,1,32,_MCR2224,L1Q32C04,8.856,0
May,1,32,_MCR2224,L1Q32C05,NA,3
May,1,32,_MCR2224,L1Q32C06,NA,1
May,1,32,_MCR2224,L1Q32C07,NA,2
May,1,32,_MCR2224,L1Q32C08,NA,3
May,1,32,_MCR2224,L1Q32C09,11.742,1
May,1,32,_MCR2224,L1Q32C10,7.468,3
May,1,32,_MCR2224,L1Q32C11,9.801,2
May,1,32,_MCR2224,L1Q32C13,NA,0
May,1,32,_MCR2224,L1Q32C16,NA,3
May,1,32,_MCR2224,L1Q32C17,8.069,3
May,1,32,_MCR2224,L1Q32C18,NA,2
May,1,32,_MCR2224,L1Q32C19,NA,0
May,1,32,_MCR2224,L1Q32C25,NA,2
May,1,33,_MCR2225,L1Q33C01,NA,3
May,1,33,_MCR2225,L1Q33C02,16.856,3
May,1,33,_MCR2225,L1Q33C03,23.654,3
May,1,33,_MCR2225,L1Q33C04,14.368,3
May,1,33,_MCR2225,L1Q33C07,16.218,1
May,1,33,_MCR2225,L1Q33C08,19.062,1
May,1,33,_MCR2225,L1Q33C09,22.488,3
May,1,33,_MCR2225,L1Q33C10,NA,3
May,1,33,_MCR2225,L1Q33C11,NA,3
May,1,33,_MCR2225,L1Q33C14,NA,2
May,1,33,_MCR2225,L1Q33C15,NA,3
May,1,33,_MCR2225,L1Q33C19,NA,0
May,1,33,_MCR2225,L1Q33C20,NA,3
May,1,33,_MCR2225,L1Q33C21,NA,3
May,1,34,_MCR2226,L1Q34C01,NA,2
May,1,34,_MCR2226,L1Q34C02,12.239,3
May,1,34,_MCR2226,L1Q34C04,14.742,0
May,1,34,_MCR2226,L1Q34C06,17.319,3
May,1,34,_MCR2226,L1Q34C08,NA,2
May,1,34,_MCR2226,L1Q34C09,10.367,0
May,1,34,_MCR2226,L1Q34C10,NA,2
May,1,34,_MCR2226,L1Q34C11,NA,0
May,1,34,_MCR2226,L1Q34C14,NA,3
May,1,35,_MCR2227,L1Q35C01,19.887,0
May,1,35,_MCR2227,L1Q35C02,18.191,2
May,1,35,_MCR2227,L1Q35C03,16.27,1
May,1,35,_MCR2227,L1Q35C04,NA,0
May,1,35,_MCR2227,L1Q35C05,NA,3
May,1,35,_MCR2227,L1Q35C06,NA,3
May,1,35,_MCR2227,L1Q35C07,17.255,1
May,1,35,_MCR2227,L1Q35C08,9.179,0
May,1,35,_MCR2227,L1Q35C09,31.668,3
May,1,35,_MCR2227,L1Q35C10,NA,3
May,1,35,_MCR2227,L1Q35C15,NA,0
May,1,36,_MCR2228,L1Q36C02,20.991,2
May,1,36,_MCR2228,L1Q36C03,19.176,2
May,1,36,_MCR2228,L1Q36C04,11.831,2
May,1,36,_MCR2228,L1Q36C05,13.466,0
May,1,36,_MCR2228,L1Q36C06,2.295,3
May,1,36,_MCR2228,L1Q36C07,12.29,0
May,1,36,_MCR2228,L1Q36C08,14.146,0
May,1,36,_MCR2228,L1Q36C09,10.905,2
May,1,36,_MCR2228,L1Q36C10,4.193,3
May,1,36,_MCR2228,L1Q36C11,4.046,3
May,1,36,_MCR2228,L1Q36C12,4.985,2
May,1,36,_MCR2228,L1Q36C13,9.805,2
May,1,36,_MCR2228,L1Q36C15,NA,1
May,1,36,_MCR2228,L1Q36C17,7.992,2
May,1,36,_MCR2228,L1Q36C18,3.508,1
May,1,37,_MCR2229,L1Q37C01,14.475,0
May,1,37,_MCR2229,L1Q37C02,8.967,2
May,1,37,_MCR2229,L1Q37C04,14.013,3
May,1,37,_MCR2229,L1Q37C05,NA,1
May,1,37,_MCR2229,L1Q37C08,7.301,0
May,1,37,_MCR2229,L1Q37C09,5.947,0
May,1,37,_MCR2229,L1Q37C10,7.992,0
May,1,37,_MCR2229,L1Q37C11,NA,0
May,1,37,_MCR2229,L1Q37C15,9.654,2
May,1,37,_MCR2229,L1Q37C16,4.866,1
May,1,37,_MCR2229,L1Q37C18,NA,2
May,1,37,_MCR2229,L1Q37C22,NA,2
May,1,37,_MCR2229,L1Q37C26,NA,3
May,1,37,_MCR2229,L1Q37C27,NA,0
May,1,37,_MCR2229,L1Q37C31,NA,1
May,1,37,_MCR2229,L1Q37C32,8.938,0
May,1,37,_MCR2229,L1Q37C33,10.862,1
May,1,37,_MCR2229,L1Q37C34,NA,1
May,1,38,_MCR2230,L1Q38C01,NA,1
May,1,38,_MCR2230,L1Q38C02,NA,1
May,1,38,_MCR2230,L1Q38C03,NA,0
May,1,38,_MCR2230,L1Q38C04,NA,2
May,1,38,_MCR2230,L1Q38C05,NA,3
May,1,38,_MCR2230,L1Q38C06,7.016,0
May,1,38,_MCR2230,L1Q38C07,11.671,1
May,1,38,_MCR2230,L1Q38C09,NA,2
May,1,38,_MCR2230,L1Q38C10,NA,1
May,1,38,_MCR2230,L1Q38C11,3.33,0
May,1,38,_MCR2230,L1Q38C13,NA,2
May,1,38,_MCR2230,L1Q38C14,1.516,0
May,1,38,_MCR2230,L1Q38C15,9.434,0
May,1,38,_MCR2230,L1Q38C16,NA,2
May,1,38,_MCR2230,L1Q38C17,NA,0
May,1,38,_MCR2230,L1Q38C18,2.634,0
May,1,38,_MCR2230,L1Q38C19,3.631,0
May,2,1,_MCR2234,L2Q01C01,33.711,2
May,2,1,_MCR2234,L2Q01C02,13.729,1
May,2,1,_MCR2234,L2Q01C03,NA,3
May,2,1,_MCR2234,L2Q01C04,7.233,3
May,2,1,_MCR2234,L2Q01C05,15.893,0
May,2,1,_MCR2234,L2Q01C06,14.276,0
May,2,1,_MCR2234,L2Q01C07,7.85,0
May,2,1,_MCR2234,L2Q01C08,5.091,2
May,2,1,_MCR2234,L2Q01C09,7.896,2
May,2,1,_MCR2234,L2Q01C10,2.829,2
May,2,1,_MCR2234,L2Q01C11,5.261,2
May,2,1,_MCR2234,L2Q01C15,2.937,3
May,2,1,_MCR2234,L2Q01C16,18.56,2
May,2,1,_MCR2234,L2Q01C17,6.187,1
May,2,2,_MCR2235,L2Q02C01,23.457,3
May,2,2,_MCR2235,L2Q02C02,13.894,2
May,2,2,_MCR2235,L2Q02C03,8.274,0
May,2,2,_MCR2235,L2Q02C05,8.871,3
May,2,2,_MCR2235,L2Q02C08,19.977,3
May,2,2,_MCR2235,L2Q02C10,NA,3
May,2,2,_MCR2235,L2Q02C13,NA,3
May,2,2,_MCR2235,L2Q02C14,13.224,2
May,2,3,_MCR2236,L2Q03C01,NA,3
May,2,3,_MCR2236,L2Q03C03,4.904,0
May,2,3,_MCR2236,L2Q03C05,6.852,0
May,2,3,_MCR2236,L2Q03C06,16.4,1
May,2,3,_MCR2236,L2Q03C07,21.94,3
May,2,3,_MCR2236,L2Q03C09,5.389,1
May,2,3,_MCR2236,L2Q03C14,24.972,2
May,2,3,_MCR2236,L2Q03C15,28.233,3
May,2,3,_MCR2236,L2Q03C16,NA,2
May,2,3,_MCR2236,L2Q03C18,NA,0
May,2,4,_MCR2237,L2Q04C01,NA,0
May,2,4,_MCR2237,L2Q04C02,13.095,3
May,2,4,_MCR2237,L2Q04C05,16.777,2
May,2,4,_MCR2237,L2Q04C07,2.264,2
May,2,4,_MCR2237,L2Q04C08,NA,3
May,2,4,_MCR2237,L2Q04C10,30.064,3
May,2,4,_MCR2237,L2Q04C11,17.865,2
May,2,4,_MCR2237,L2Q04C13,12.017,0
May,2,4,_MCR2237,L2Q04C18,5.817,0
May,2,4,_MCR2237,L2Q04C19,10.52,2
May,2,4,_MCR2237,L2Q04C20,NA,2
May,2,4,_MCR2237,L2Q04C22,NA,2
May,2,4,_MCR2237,L2Q04C24,NA,2
May,2,4,_MCR2237,L2Q04C25,NA,2
May,2,4,_MCR2237,L2Q04C26,NA,0
May,2,5,_MCR2238,L2Q05C01,NA,3
May,2,5,_MCR2238,L2Q05C02,7.083,3
May,2,5,_MCR2238,L2Q05C03,27.641,3
May,2,5,_MCR2238,L2Q05C04,NA,3
May,2,5,_MCR2238,L2Q05C09,NA,3
May,2,5,_MCR2238,L2Q05C10,9.206,3
May,2,5,_MCR2238,L2Q05C11,NA,3
May,2,5,_MCR2238,L2Q05C14,7.748,1
May,2,5,_MCR2238,L2Q05C15,5.202,1
May,2,5,_MCR2238,L2Q05C16,18.032,0
May,2,5,_MCR2238,L2Q05C17,7.071,0
May,2,6,_MCR2239,L2Q06C01,14.804,0
May,2,6,_MCR2239,L2Q06C02,16.248,1
May,2,6,_MCR2239,L2Q06C03,14.629,0
May,2,6,_MCR2239,L2Q06C04,11.847,3
May,2,6,_MCR2239,L2Q06C05,14.594,1
May,2,6,_MCR2239,L2Q06C06,NA,2
May,2,6,_MCR2239,L2Q06C07,NA,0
May,2,6,_MCR2239,L2Q06C09,NA,3
May,2,6,_MCR2239,L2Q06C10,NA,1
May,2,6,_MCR2239,L2Q06C11,NA,0
May,2,7,_MCR2240,L2Q07C01,NA,3
May,2,7,_MCR2240,L2Q07C03,NA,3
May,2,7,_MCR2240,L2Q07C04,NA,2
May,2,7,_MCR2240,L2Q07C05,9.425,3
May,2,7,_MCR2240,L2Q07C06,16.095,3
May,2,7,_MCR2240,L2Q07C07,24.926,1
May,2,7,_MCR2240,L2Q07C08,17.624,2
May,2,7,_MCR2240,L2Q07C09,NA,3
May,2,7,_MCR2240,L2Q07C12,NA,3
May,2,7,_MCR2240,L2Q07C13,NA,3
May,2,7,_MCR2240,L2Q07C15,13.429,2
May,2,7,_MCR2240,L2Q07C17,NA,0
May,2,8,_MCR2241,L2Q08C01,31.8,3
May,2,8,_MCR2241,L2Q08C02,14.614,1
May,2,8,_MCR2241,L2Q08C03,NA,2
May,2,8,_MCR2241,L2Q08C04,10.35,3
May,2,8,_MCR2241,L2Q08C05,NA,3
May,2,8,_MCR2241,L2Q08C06,23.455,3
May,2,8,_MCR2241,L2Q08C08,6.085,0
May,2,8,_MCR2241,L2Q08C09,NA,0
May,2,8,_MCR2241,L2Q08C10,NA,3
May,2,8,_MCR2241,L2Q08C11,NA,3
May,2,8,_MCR2241,L2Q08C13,NA,0
May,2,8,_MCR2241,L2Q08C14,NA,2
May,2,8,_MCR2241,L2Q08C15,NA,0
May,2,9,_MCR2243,L2Q09C01,NA,3
May,2,9,_MCR2243,L2Q09C02,7.609,0
May,2,9,_MCR2243,L2Q09C03,7.257,0
May,2,9,_MCR2243,L2Q09C04,NA,3
May,2,9,_MCR2243,L2Q09C05,NA,3
May,2,9,_MCR2243,L2Q09C06,13.423,2
May,2,9,_MCR2243,L2Q09C07,15.589,2
May,2,9,_MCR2243,L2Q09C08,15.305,0
May,2,9,_MCR2243,L2Q09C09,NA,1
May,2,9,_MCR2243,L2Q09C10,NA,1
May,2,9,_MCR2243,L2Q09C11,NA,3
May,2,9,_MCR2243,L2Q09C12,31.08,3
May,2,9,_MCR2243,L2Q09C13,NA,3
May,2,9,_MCR2243,L2Q09C14,NA,1
May,2,9,_MCR2243,L2Q09C15,2.559,2
May,2,10,_MCR2244,L2Q10C01,40.731,3
May,2,10,_MCR2244,L2Q10C02,14.313,2
May,2,10,_MCR2244,L2Q10C03,14.262,0
May,2,10,_MCR2244,L2Q10C04,16.926,2
May,2,10,_MCR2244,L2Q10C05,10.403,2
May,2,10,_MCR2244,L2Q10C06,11.689,2
May,2,10,_MCR2244,L2Q10C07,12.14,2
May,2,10,_MCR2244,L2Q10C08,NA,2
May,2,10,_MCR2244,L2Q10C09,NA,3
May,2,10,_MCR2244,L2Q10C12,NA,3
May,2,11,_MCR2245,L2Q11C01,NA,2
May,2,11,_MCR2245,L2Q11C02,21.69,3
May,2,11,_MCR2245,L2Q11C03,11.956,NA
May,2,11,_MCR2245,L2Q11C04,6.723,0
May,2,11,_MCR2245,L2Q11C05,11.918,0
May,2,11,_MCR2245,L2Q11C06,3.466,0
May,2,11,_MCR2245,L2Q11C07,16.771,2
May,2,11,_MCR2245,L2Q11C08,5.436,0
May,2,11,_MCR2245,L2Q11C09,NA,0
May,2,11,_MCR2245,L2Q11C10,NA,0
May,2,11,_MCR2245,L2Q11C11,9.162,2
May,2,11,_MCR2245,L2Q11C12,4.936,0
May,2,11,_MCR2245,L2Q11C14,NA,3
May,2,11,_MCR2245,L2Q11C15,NA,0
May,2,11,_MCR2245,L2Q11C16,NA,3
May,2,11,_MCR2245,L2Q11C17,5.758,0
May,2,11,_MCR2245,L2Q11C18,7.211,0
May,2,11,_MCR2245,L2Q11C19,NA,3
May,2,11,_MCR2245,L2Q11C20,7.068,0
May,2,12,_MCR2246,L2Q12C01,33.7,2
May,2,12,_MCR2246,L2Q12C02,13.678,3
May,2,12,_MCR2246,L2Q12C03,5.895,0
May,2,12,_MCR2246,L2Q12C04,13.534,3
May,2,12,_MCR2246,L2Q12C05,2.978,3
May,2,12,_MCR2246,L2Q12C06,NA,3
May,2,12,_MCR2246,L2Q12C07,11.605,0
May,2,12,_MCR2246,L2Q12C08,9.171,2
May,2,12,_MCR2246,L2Q12C09,NA,3
May,2,12,_MCR2246,L2Q12C10,4.258,3
May,2,12,_MCR2246,L2Q12C11,NA,3
May,2,12,_MCR2246,L2Q12C12,NA,3
May,2,12,_MCR2246,L2Q12C13,3.641,0
May,2,12,_MCR2246,L2Q12C16,6.518,3
May,2,13,_MCR2247,L2Q13C01,25.09,3
May,2,13,_MCR2247,L2Q13C02,20.114,3
May,2,13,_MCR2247,L2Q13C03,8.79,0
May,2,13,_MCR2247,L2Q13C04,27.791,3
May,2,13,_MCR2247,L2Q13C05,NA,3
May,2,13,_MCR2247,L2Q13C06,6.103,3
May,2,13,_MCR2247,L2Q13C07,NA,3
May,2,13,_MCR2247,L2Q13C08,6.639,2
May,2,13,_MCR2247,L2Q13C09,5.929,3
May,2,13,_MCR2247,L2Q13C10,8.823,0
May,2,13,_MCR2247,L2Q13C11,NA,3
May,2,13,_MCR2247,L2Q13C16,NA,2
May,2,13,_MCR2247,L2Q13C18,6.658,0
May,2,13,_MCR2247,L2Q13C19,NA,3
May,2,13,_MCR2247,L2Q13C21,5.601,0
May,2,14,_MCR2248,L2Q14C03,18.853,2
May,2,14,_MCR2248,L2Q14C04,9.204,0
May,2,14,_MCR2248,L2Q14C05,11.455,0
May,2,14,_MCR2248,L2Q14C06,7.76,2
May,2,14,_MCR2248,L2Q14C10,12.414,0
May,2,14,_MCR2248,L2Q14C11,10.477,0
May,2,14,_MCR2248,L2Q14C12,7.065,0
May,2,15,_MCR2249,L2Q15C01,20.411,2
May,2,15,_MCR2249,L2Q15C03,9.744,2
May,2,15,_MCR2249,L2Q15C05,11.902,NA
May,2,15,_MCR2249,L2Q15C06,7.143,0
May,2,15,_MCR2249,L2Q15C07,10.16,3
May,2,15,_MCR2249,L2Q15C08,11.399,0
May,2,15,_MCR2249,L2Q15C09,11.07,3
May,2,15,_MCR2249,L2Q15C10,4.016,0
May,2,15,_MCR2249,L2Q15C14,NA,0
May,2,15,_MCR2249,L2Q15C15,NA,0
May,2,15,_MCR2249,L2Q15C16,NA,3
May,2,15,_MCR2249,L2Q15C17,13.363,3
May,2,16,_MCR2250,L2Q16C01,NA,3
May,2,16,_MCR2250,L2Q16C02,9.068,3
May,2,16,_MCR2250,L2Q16C03,6.877,0
May,2,16,_MCR2250,L2Q16C04,5.523,0
May,2,16,_MCR2250,L2Q16C05,37.044,3
May,2,16,_MCR2250,L2Q16C06,27.484,3
May,2,16,_MCR2250,L2Q16C08,NA,0
May,2,17,_MCR2252,L2Q17C01,22.9,3
May,2,17,_MCR2252,L2Q17C02,11.222,3
May,2,17,_MCR2252,L2Q17C03,22.615,3
May,2,17,_MCR2252,L2Q17C04,8.16,1
May,2,17,_MCR2252,L2Q17C05,NA,3
May,2,17,_MCR2252,L2Q17C06,3.497,1
May,2,17,_MCR2252,L2Q17C07,7.073,1
May,2,17,_MCR2252,L2Q17C08,NA,1
May,2,17,_MCR2252,L2Q17C09,6.236,1
May,2,17,_MCR2252,L2Q17C10,8.53,0
May,2,17,_MCR2252,L2Q17C13,NA,3
May,2,17,_MCR2252,L2Q17C18,NA,2
May,2,18,_MCR2253,L2Q18C01,NA,3
May,2,18,_MCR2253,L2Q18C02,23.24,3
May,2,18,_MCR2253,L2Q18C03,23.555,3
May,2,18,_MCR2253,L2Q18C04,NA,2
May,2,18,_MCR2253,L2Q18C05,9.129,0
May,2,18,_MCR2253,L2Q18C06,14.835,1
May,2,18,_MCR2253,L2Q18C07,NA,1
May,2,18,_MCR2253,L2Q18C08,NA,1
May,2,18,_MCR2253,L2Q18C10,10.671,3
May,2,18,_MCR2253,L2Q18C11,4.103,0
May,2,18,_MCR2253,L2Q18C12,NA,3
May,2,19,_MCR2254,L2Q19C01,26.154,3
May,2,19,_MCR2254,L2Q19C02,8.053,0
May,2,19,_MCR2254,L2Q19C03,9.138,0
May,2,19,_MCR2254,L2Q19C04,6.168,0
May,2,19,_MCR2254,L2Q19C05,NA,3
May,2,19,_MCR2254,L2Q19C06,7.899,3
May,2,19,_MCR2254,L2Q19C07,5.312,3
May,2,19,_MCR2254,L2Q19C08,11.544,0
May,2,19,_MCR2254,L2Q19C09,9.562,1
May,2,19,_MCR2254,L2Q19C10,10.116,0
May,2,19,_MCR2254,L2Q19C11,11.908,0
May,2,19,_MCR2254,L2Q19C12,NA,0
May,2,19,_MCR2254,L2Q19C13,3.822,0
May,2,19,_MCR2254,L2Q19C14,NA,3
May,2,19,_MCR2254,L2Q19C15,NA,3
May,2,19,_MCR2254,L2Q19C21,NA,0
May,2,19,_MCR2254,L2Q19C22,NA,0
May,2,19,_MCR2254,L2Q19C23,NA,0
May,2,20,_MCR2255,L2Q20C01,NA,3
May,2,20,_MCR2255,L2Q20C02,12.963,0
May,2,20,_MCR2255,L2Q20C03,9.58,3
May,2,20,_MCR2255,L2Q20C04,NA,3
May,2,20,_MCR2255,L2Q20C05,23.37,3
May,2,20,_MCR2255,L2Q20C06,2.62,0
May,2,20,_MCR2255,L2Q20C07,5.129,0
May,2,20,_MCR2255,L2Q20C08,7.857,0
May,2,20,_MCR2255,L2Q20C09,NA,0
May,2,20,_MCR2255,L2Q20C10,NA,0
May,2,20,_MCR2255,L2Q20C11,5.954,1
May,2,20,_MCR2255,L2Q20C12,8.238,1
May,2,20,_MCR2255,L2Q20C13,7.754,1
May,2,20,_MCR2255,L2Q20C14,NA,3
May,2,20,_MCR2255,L2Q20C16,5.624,0
May,2,20,_MCR2255,L2Q20C17,3.952,0
May,2,20,_MCR2255,L2Q20C18,4.072,0
May,2,20,_MCR2255,L2Q20C19,1.184,0
May,2,20,_MCR2255,L2Q20C20,4.511,1
May,2,20,_MCR2255,L2Q20C21,5.663,3
May,2,20,_MCR2255,L2Q20C26,NA,1
May,2,20,_MCR2255,L2Q20C27,5.936,1
May,2,21,_MCR2256,L2Q21C01,NA,2
May,2,21,_MCR2256,L2Q21C02,31.853,3
May,2,21,_MCR2256,L2Q21C03,35.952,3
May,2,21,_MCR2256,L2Q21C04,18.864,3
May,2,21,_MCR2256,L2Q21C05,10.625,3
May,2,21,_MCR2256,L2Q21C06,6.651,3
May,2,21,_MCR2256,L2Q21C07,7.172,3
May,2,21,_MCR2256,L2Q21C08,11.196,3
May,2,21,_MCR2256,L2Q21C09,5.659,3
May,2,21,_MCR2256,L2Q21C10,6.325,3
May,2,21,_MCR2256,L2Q21C11,3.796,0
May,2,21,_MCR2256,L2Q21C12,NA,0
May,2,21,_MCR2256,L2Q21C14,NA,3
May,2,21,_MCR2256,L2Q21C15,NA,3
May,2,22,_MCR2257,L2Q22C01,NA,3
May,2,22,_MCR2257,L2Q22C02,13.509,1
May,2,22,_MCR2257,L2Q22C03,NA,2
May,2,22,_MCR2257,L2Q22C04,7.128,3
May,2,22,_MCR2257,L2Q22C05,NA,2
May,2,22,_MCR2257,L2Q22C06,23.645,2
May,2,22,_MCR2257,L2Q22C07,10.278,2
May,2,22,_MCR2257,L2Q22C08,4.623,0
May,2,22,_MCR2257,L2Q22C11,8.123,3
May,2,23,_MCR2258,L2Q23C01,19.44,3
May,2,23,_MCR2258,L2Q23C02,12.334,1
May,2,23,_MCR2258,L2Q23C03,13.287,1
May,2,23,_MCR2258,L2Q23C04,NA,3
May,2,23,_MCR2258,L2Q23C05,NA,3
May,2,23,_MCR2258,L2Q23C06,17.443,1
May,2,23,_MCR2258,L2Q23C07,3.374,0
May,2,24,_MCR2259,L2Q24C01,28.247,3
May,2,24,_MCR2259,L2Q24C02,NA,3
May,2,24,_MCR2259,L2Q24C03,NA,3
May,2,24,_MCR2259,L2Q24C04,10.462,2
May,2,24,_MCR2259,L2Q24C06,NA,0
May,2,24,_MCR2259,L2Q24C07,7.643,2
May,2,24,_MCR2259,L2Q24C08,8.725,2
May,2,24,_MCR2259,L2Q24C10,7.212,3
May,2,24,_MCR2259,L2Q24C11,8.264,0
May,2,24,_MCR2259,L2Q24C13,NA,0
May,2,25,_MCR2261,L2Q25C01,30.442,3
May,2,25,_MCR2261,L2Q25C02,NA,3
May,2,25,_MCR2261,L2Q25C03,NA,3
May,2,25,_MCR2261,L2Q25C04,5.386,3
May,2,25,_MCR2261,L2Q25C05,8.999,0
May,2,25,_MCR2261,L2Q25C06,NA,3
May,2,25,_MCR2261,L2Q25C07,NA,3
May,2,25,_MCR2261,L2Q25C08,NA,0
May,2,25,_MCR2261,L2Q25C09,7.291,3
May,2,25,_MCR2261,L2Q25C10,NA,3
May,2,25,_MCR2261,L2Q25C11,6.875,0
May,2,25,_MCR2261,L2Q25C12,6.628,3
May,2,25,_MCR2261,L2Q25C13,4.462,0
May,2,25,_MCR2261,L2Q25C14,7.079,3
May,2,25,_MCR2261,L2Q25C15,NA,0
May,2,26,_MCR2262,L2Q26C01,NA,3
May,2,26,_MCR2262,L2Q26C02,9.971,1
May,2,26,_MCR2262,L2Q26C03,NA,1
May,2,26,_MCR2262,L2Q26C04,6.383,3
May,2,26,_MCR2262,L2Q26C05,10.924,3
May,2,26,_MCR2262,L2Q26C06,5.349,3
May,2,26,_MCR2262,L2Q26C07,11.888,0
May,2,26,_MCR2262,L2Q26C08,NA,3
May,2,26,_MCR2262,L2Q26C09,6.658,0
May,2,26,_MCR2262,L2Q26C10,NA,2
May,2,27,_MCR2263,L2Q27C01,25.039,3
May,2,27,_MCR2263,L2Q27C02,22.986,1
May,2,27,_MCR2263,L2Q27C03,NA,3
May,2,27,_MCR2263,L2Q27C04,39.461,3
May,2,27,_MCR2263,L2Q27C06,22.986,0
May,2,27,_MCR2263,L2Q27C07,4.343,0
May,2,27,_MCR2263,L2Q27C08,8.987,0
May,2,27,_MCR2263,L2Q27C09,8.819,0
May,2,27,_MCR2263,L2Q27C11,7.135,3
May,2,27,_MCR2263,L2Q27C12,NA,3
May,2,28,_MCR2264,L2Q28C02,9.504,1
May,2,28,_MCR2264,L2Q28C03,16.019,3
May,2,28,_MCR2264,L2Q28C04,16.788,2
May,2,28,_MCR2264,L2Q28C05,NA,3
May,2,28,_MCR2264,L2Q28C06,NA,3
May,2,28,_MCR2264,L2Q28C07,NA,3
May,2,28,_MCR2264,L2Q28C08,NA,3
May,2,28,_MCR2264,L2Q28C09,18.284,3
May,2,28,_MCR2264,L2Q28C10,NA,3
May,2,28,_MCR2264,L2Q28C11,7.948,3
May,2,28,_MCR2264,L2Q28C12,12.355,3
May,2,28,_MCR2264,L2Q28C13,8.249,0
May,2,28,_MCR2264,L2Q28C14,NA,3
May,2,28,_MCR2264,L2Q28C15,15.295,3
May,2,29,_MCR2265,L2Q29C01,16.86,2
May,2,29,_MCR2265,L2Q29C02,10.243,0
May,2,29,_MCR2265,L2Q29C03,NA,2
May,2,29,_MCR2265,L2Q29C04,18.119,2
May,2,29,_MCR2265,L2Q29C05,NA,3
May,2,29,_MCR2265,L2Q29C06,5.84,NA
May,2,29,_MCR2265,L2Q29C08,3.109,1
May,2,30,_MCR2266,L2Q30C01,NA,3
May,2,30,_MCR2266,L2Q30C02,12.968,1
May,2,30,_MCR2266,L2Q30C04,19.437,3
May,2,30,_MCR2266,L2Q30C05,15.382,3
May,2,30,_MCR2266,L2Q30C06,21.628,2
May,2,30,_MCR2266,L2Q30C07,8.035,1
May,2,30,_MCR2266,L2Q30C08,16.999,3
May,2,30,_MCR2266,L2Q30C10,NA,3
May,2,30,_MCR2266,L2Q30C11,6.159,0
May,2,30,_MCR2266,L2Q30C13,8.188,2
May,2,31,_MCR2267,L2Q31C01,26.562,3
May,2,31,_MCR2267,L2Q31C02,NA,3
May,2,31,_MCR2267,L2Q31C03,17.47,2
May,2,31,_MCR2267,L2Q31C04,9.928,0
May,2,31,_MCR2267,L2Q31C05,NA,0
May,2,31,_MCR2267,L2Q31C06,NA,3
May,2,31,_MCR2267,L2Q31C09,NA,1
May,2,31,_MCR2267,L2Q31C11,NA,1
May,2,31,_MCR2267,L2Q31C12,NA,1
May,2,31,_MCR2267,L2Q31C13,5.125,2
May,2,32,_MCR2268,L2Q32C01,12.487,0
May,2,32,_MCR2268,L2Q32C02,NA,3
May,2,32,_MCR2268,L2Q32C03,9.945,1
May,2,33,_MCR2270,L2Q33C01,NA,3
May,2,33,_MCR2270,L2Q33C02,15.772,1
May,2,33,_MCR2270,L2Q33C03,9.555,2
May,2,33,_MCR2270,L2Q33C04,NA,2
May,2,33,_MCR2270,L2Q33C05,3.148,3
May,2,33,_MCR2270,L2Q33C06,NA,3
May,2,33,_MCR2270,L2Q33C07,1.591,3
May,2,33,_MCR2270,L2Q33C08,NA,3
May,2,33,_MCR2270,L2Q33C09,6.157,1
May,2,33,_MCR2270,L2Q33C10,NA,3
May,2,34,_MCR2271,L2Q34C01,19.4,3
May,2,34,_MCR2271,L2Q34C02,8.206,2
May,2,34,_MCR2271,L2Q34C03,2.874,0
May,2,34,_MCR2271,L2Q34C04,NA,2
May,2,34,_MCR2271,L2Q34C05,10.4,0
May,2,34,_MCR2271,L2Q34C06,22.31,2
May,2,34,_MCR2271,L2Q34C07,NA,0
May,2,34,_MCR2271,L2Q34C08,NA,0
May,2,34,_MCR2271,L2Q34C10,8.938,0
May,2,34,_MCR2271,L2Q34C11,6.418,0
May,2,35,_MCR2272,L2Q35C01,NA,3
May,2,35,_MCR2272,L2Q35C02,14.565,0
May,2,35,_MCR2272,L2Q35C04,5.534,3
May,2,35,_MCR2272,L2Q35C05,8.918,1
May,2,35,_MCR2272,L2Q35C06,7.039,3
May,2,35,_MCR2272,L2Q35C07,5.727,3
May,2,35,_MCR2272,L2Q35C08,NA,3
May,2,35,_MCR2272,L2Q35C09,5.444,3
May,2,35,_MCR2272,L2Q35C10,4.451,0
May,2,35,_MCR2272,L2Q35C11,2.841,0
May,2,35,_MCR2272,L2Q35C12,10.365,3
May,2,35,_MCR2272,L2Q35C13,6.415,3
May,2,35,_MCR2272,L2Q35C14,4.145,3
May,2,35,_MCR2272,L2Q35C15,4.18,3
May,2,35,_MCR2272,L2Q35C16,5.026,3
May,2,35,_MCR2272,L2Q35C17,3.356,3
May,2,35,_MCR2272,L2Q35C18,1.531,3
May,2,35,_MCR2272,L2Q35C19,2.708,1
May,2,35,_MCR2272,L2Q35C20,4.298,3
May,2,35,_MCR2272,L2Q35C21,4.946,3
May,2,35,_MCR2272,L2Q35C22,7.316,2
May,2,35,_MCR2272,L2Q35C23,NA,3
May,2,35,_MCR2272,L2Q35C29,NA,0
May,2,35,_MCR2272,L2Q35C30,NA,0
May,2,35,_MCR2272,L2Q35C31,20.7,2
May,2,36,_MCR2273,L2Q36C01,20.204,3
May,2,36,_MCR2273,L2Q36C02,27.266,3
May,2,36,_MCR2273,L2Q36C03,NA,0
May,2,36,_MCR2273,L2Q36C06,NA,3
May,2,36,_MCR2273,L2Q36C07,9.831,1
May,2,36,_MCR2273,L2Q36C08,NA,2
May,2,36,_MCR2273,L2Q36C09,3.416,0
May,2,36,_MCR2273,L2Q36C13,NA,1
May,2,36,_MCR2273,L2Q36C14,4.357,0
May,2,36,_MCR2273,L2Q36C15,NA,2
May,2,37,_MCR2274,L2Q37C01,17.112,3
May,2,37,_MCR2274,L2Q37C02,14.412,3
May,2,37,_MCR2274,L2Q37C03,13.269,3
May,2,37,_MCR2274,L2Q37C04,18.511,3
May,2,37,_MCR2274,L2Q37C05,17.279,3
May,2,37,_MCR2274,L2Q37C07,8.633,2
May,2,37,_MCR2274,L2Q37C08,NA,3
May,2,37,_MCR2274,L2Q37C15,NA,3
May,2,37,_MCR2274,L2Q37C16,18.656,2
May,2,37,_MCR2274,L2Q37C18,6.362,1
May,2,37,_MCR2274,L2Q37C19,5.829,2
May,2,37,_MCR2274,L2Q37C20,3.826,0
May,2,38,_MCR2275,L2Q38C01,NA,3
May,2,38,_MCR2275,L2Q38C02,NA,3
May,2,38,_MCR2275,L2Q38C03,12.655,2
May,2,38,_MCR2275,L2Q38C04,9.855,3
May,2,38,_MCR2275,L2Q38C11,NA,3
May,2,38,_MCR2275,L2Q38C12,NA,1
May,2,38,_MCR2275,L2Q38C13,17.897,1
May,2,38,_MCR2275,L2Q38C14,NA,2
May,2,39,_MCR2276,L2Q39C01,22.781,3
May,2,39,_MCR2276,L2Q39C02,NA,3
May,2,39,_MCR2276,L2Q39C03,5.986,0
May,2,39,_MCR2276,L2Q39C04,6.567,0
May,2,39,_MCR2276,L2Q39C05,8.262,2
May,2,39,_MCR2276,L2Q39C06,14.061,1
May,2,39,_MCR2276,L2Q39C07,13.795,0
May,2,39,_MCR2276,L2Q39C08,7.846,0
May,2,39,_MCR2276,L2Q39C09,8.103,2
May,2,39,_MCR2276,L2Q39C10,6.899,1
May,2,39,_MCR2276,L2Q39C11,11.405,0
May,2,39,_MCR2276,L2Q39C12,8.439,0
May,2,39,_MCR2276,L2Q39C13,7.047,0
May,2,39,_MCR2276,L2Q39C14,2.259,3
May,2,39,_MCR2276,L2Q39C15,4.463,0
May,2,39,_MCR2276,L2Q39C16,7.691,2
May,2,40,_MCR2277,L2Q40C01,NA,2
May,2,40,_MCR2277,L2Q40C03,15.079,1
May,2,40,_MCR2277,L2Q40C04,20.825,0
May,2,40,_MCR2277,L2Q40C05,10.164,2
May,2,40,_MCR2277,L2Q40C06,7.235,1
May,2,40,_MCR2277,L2Q40C07,7.488,0
May,2,40,_MCR2277,L2Q40C08,8.634,0
May,2,40,_MCR2277,L2Q40C09,NA,0
May,2,40,_MCR2277,L2Q40C10,NA,2
May,2,40,_MCR2277,L2Q40C11,5.33,0
May,2,40,_MCR2277,L2Q40C12,7.403,3
May,2,40,_MCR2277,L2Q40C14,NA,2
May,2,40,_MCR2277,L2Q40C15,10.896,3
May,2,40,_MCR2277,L2Q40C16,6.668,1
May,2,40,_MCR2277,L2Q40C17,17.834,1